,/isin/CH0012221716,/isin/CH0012138605,/isin/CH0432492467,/isin/AT0000A18XM4,/isin/CH0127480363,/isin/CH1176493729,/isin/CH0531751755,/isin/CH0009002962,/isin/CH0315966322,/isin/CH0002432174,/isin/CH0225173167,/isin/CH0010570767,/isin/CH0210483332,/isin/CH0012142631,/isin/CH0360826991,/isin/CH0012138530,/isin/CH1169151003,/isin/CH0030170408,/isin/CH0010645932,/isin/CH0466642201
2020-12-29,22.7861,53.76,58.31,19.45,160.92,77.218,88.53,2001.80,226.79,391.58,97.09,8288.18,76.03,18.022,186.87,10.5786,55.36,527.031,3587.96,83.70
2020-12-30,22.6581,53.94,58.65,19.40,161.42,77.316,88.71,2026.82,232.03,397.16,98.47,8385.80,76.31,17.942,190.40,10.5232,55.84,533.557,3606.30,83.84
2021-01-04,22.5850,53.35,58.59,19.36,159.74,77.907,88.44,2024.89,227.27,390.04,98.01,8424.85,75.91,17.730,194.32,10.5186,55.36,531.829,3600.51,85.21
2021-01-05,22.9232,53.35,58.15,20.02,158.75,80.665,89.17,2021.04,230.13,396.97,97.00,8459.02,76.96,17.598,192.16,10.5186,55.80,541.234,3672.91,83.52
2021-01-06,23.1608,53.24,58.17,20.47,159.04,80.468,87.98,2024.93,232.51,393.89,96.55,8429.74,75.95,17.362,193.14,10.6478,55.80,537.587,3620.78,83.79
2021-01-07,24.0474,54.12,57.37,20.83,157.76,80.271,89.54,2013.26,232.99,395.62,95.63,8341.87,75.52,17.843,191.18,11.2383,56.23,544.880,3590.86,86.39
2021-01-08,24.2576,54.59,59.48,21.13,163.59,80.468,89.36,2007.43,230.13,404.28,93.44,8302.83,78.42,18.276,195.10,11.5843,57.20,553.709,3573.48,87.17
2021-01-11,24.4404,54.41,60.68,21.38,163.89,78.400,89.08,2003.54,231.08,405.05,93.07,8322.35,78.68,18.323,199.52,11.1645,56.91,558.507,3559.00,86.26
2021-01-12,24.4222,54.29,59.84,20.60,161.71,77.119,87.98,2009.37,226.79,409.85,94.17,8268.66,79.35,18.140,199.03,11.2383,56.48,561.578,3611.13,86.03
2021-01-13,24.5776,54.16,59.50,21.19,169.62,77.513,88.71,1991.87,231.56,420.24,95.08,8156.39,79.88,18.300,201.48,11.5335,57.64,570.215,3535.84,87.03
2021-01-14,24.6598,53.91,61.11,21.59,171.01,77.316,87.89,1986.03,228.22,420.05,95.17,8268.66,78.55,18.309,200.50,11.4182,57.35,574.245,3572.52,86.30
2021-01-15,24.8152,54.23,61.69,21.91,166.16,76.528,88.16,1986.03,234.42,413.32,94.72,8224.73,79.00,18.517,205.89,11.4505,57.50,542.385,3523.29,87.53
2021-01-18,23.9834,53.20,62.07,21.83,153.02,75.051,86.69,1986.03,233.46,408.89,93.07,8234.49,78.02,18.206,200.99,11.3951,56.38,536.628,3424.83,86.48
2021-01-19,23.9560,53.75,63.27,22.14,152.42,74.460,86.60,1976.31,238.23,410.82,93.71,8327.23,81.20,18.394,204.42,11.3951,56.67,534.516,3420.00,86.62
2021-01-20,23.9377,53.06,64.52,22.02,146.29,73.672,84.86,1952.96,236.32,411.01,92.89,7883.05,79.19,18.144,203.44,11.2290,55.60,534.900,3430.62,86.17
2021-01-21,24.1023,53.11,64.92,22.06,149.56,72.392,85.68,1951.02,236.32,410.82,92.98,7756.14,81.41,18.460,205.40,11.3075,55.46,531.062,3422.90,86.03
2021-01-22,24.2485,54.02,64.26,21.39,154.10,71.899,86.69,1956.85,236.80,416.20,93.35,7839.12,81.00,18.498,203.44,11.2890,56.43,535.092,3473.09,85.30
2021-01-25,24.4130,52.59,65.18,21.70,155.19,72.195,87.06,1970.47,232.51,421.59,92.34,7819.59,81.01,18.338,198.54,11.2383,55.94,534.516,3479.85,84.30
2021-01-26,24.3033,51.40,66.13,20.46,147.28,69.831,85.78,1978.25,231.08,420.63,90.42,7761.02,78.55,17.791,193.73,11.0722,54.73,527.991,3551.28,82.33
2021-01-27,24.4770,51.76,65.97,21.85,158.45,70.914,87.25,1999.65,235.37,424.47,91.61,7853.76,79.36,18.064,200.99,11.0722,55.31,528.567,3597.62,83.20
2021-01-28,24.3216,51.36,66.37,21.99,154.00,70.914,86.60,1972.41,230.60,417.93,89.78,7775.66,78.45,17.937,201.97,10.8830,53.47,526.647,3589.89,82.74
2021-01-29,24.3856,50.41,65.38,22.60,156.08,71.111,87.89,1987.98,233.46,407.35,91.11,7712.21,79.76,18.140,203.44,11.0722,54.29,531.446,3598.58,82.88
2021-02-01,24.0748,50.35,63.72,22.36,158.25,70.225,86.79,1924.76,232.99,406.01,88.77,7546.25,78.57,17.862,200.01,10.8461,54.19,523.577,3471.16,81.47
2021-02-02,24.4222,51.17,64.82,21.77,157.36,72.195,88.62,1923.79,230.13,416.97,90.60,7648.75,78.53,18.083,202.95,10.8830,54.78,531.254,3526.18,83.38
2021-02-03,24.9157,51.27,66.23,22.40,162.41,72.293,88.71,1952.96,231.08,417.16,91.79,7765.90,80.16,18.323,208.83,11.1506,55.89,532.597,3471.16,84.89
2021-02-04,25.0985,50.86,66.77,22.31,167.84,73.376,89.27,1962.69,241.56,428.13,92.61,7780.54,79.65,18.050,213.24,11.1506,55.89,530.870,3445.10,85.71
2021-02-05,23.8463,51.42,68.18,22.45,167.45,72.293,90.55,1974.36,239.18,428.90,92.98,7809.83,80.86,17.867,213.73,11.3767,56.57,532.789,3451.86,86.94
2021-02-08,23.6727,51.47,67.61,23.74,165.27,72.392,90.55,1974.36,234.42,420.24,93.89,7878.17,81.34,17.603,214.22,11.3444,56.48,526.647,3437.38,86.67
2021-02-09,23.8372,52.00,67.29,24.66,164.18,72.096,90.09,1952.96,233.46,424.28,93.62,7858.64,82.55,18.003,216.18,11.3951,57.79,531.446,3478.89,87.62
2021-02-10,23.8463,51.60,66.49,22.92,162.31,72.884,90.18,1962.69,232.99,421.59,93.25,7848.88,83.29,18.088,215.20,11.3490,57.11,530.678,3480.82,87.08
2021-02-11,23.7092,51.53,65.85,22.31,159.93,73.081,90.46,1968.52,230.60,419.28,93.89,7858.64,82.95,18.111,213.73,11.3859,57.16,527.223,3480.82,87.81
2021-02-12,23.6910,52.10,65.99,22.99,160.53,73.672,90.83,1958.80,223.93,419.28,93.71,7868.40,83.54,17.640,219.61,11.3444,57.64,531.446,3491.43,88.31
2021-02-15,23.9469,51.44,66.21,22.63,157.86,74.952,91.29,1966.58,238.23,415.43,91.43,8009.96,83.21,17.523,213.24,11.3721,57.20,534.900,3528.12,87.81
2021-02-16,24.0566,52.36,66.35,22.55,158.25,74.558,92.76,1960.74,241.09,417.55,92.07,7990.43,84.26,17.989,210.79,11.7042,57.30,538.931,3500.12,89.22
2021-02-17,24.3125,52.30,65.60,22.60,159.54,74.558,93.12,1944.21,242.52,418.32,91.29,8009.96,84.45,18.154,214.71,11.7919,57.59,534.133,3475.99,89.63
2021-02-18,24.0017,51.56,64.72,21.85,157.56,73.278,91.01,1935.46,247.28,412.35,89.14,8009.96,83.10,18.050,215.69,11.7181,56.62,529.526,3438.34,88.77
2021-02-19,24.1480,50.95,63.88,21.71,157.96,71.604,91.19,1925.73,254.90,411.97,89.96,7922.10,82.44,18.107,212.75,11.3398,56.04,527.799,3449.93,87.35
2021-02-22,24.7512,51.94,64.20,22.26,163.00,71.013,90.46,1919.90,256.81,424.86,88.23,7863.52,83.91,18.573,220.59,11.6120,57.69,533.173,3441.24,88.26
2021-02-23,24.5319,52.00,64.06,22.24,164.88,70.619,90.37,1907.25,256.81,434.86,88.23,7800.07,83.31,18.319,218.63,11.7919,58.47,527.415,3440.27,89.54
2021-02-24,23.9926,52.19,64.52,21.54,157.36,68.353,89.63,1914.06,244.42,425.63,87.77,7687.80,83.38,18.196,214.71,11.9626,56.72,519.546,3395.87,89.77
2021-02-25,24.4770,53.84,63.90,22.080,159.04,67.959,89.17,1942.26,254.43,431.01,87.77,7648.75,84.73,18.385,212.26,12.2255,57.88,526.839,3398.77,91.50
2021-02-26,24.4496,52.90,63.52,21.730,157.76,68.846,89.54,1980.20,260.62,428.90,86.49,7604.82,83.88,18.163,214.71,12.3178,57.40,524.536,3364.02,92.41
2021-03-01,23.8738,51.47,62.27,21.380,161.02,67.762,87.61,1914.06,254.90,422.16,86.63,7443.74,83.02,17.909,208.83,12.1102,56.77,514.556,3308.03,90.95
2021-03-02,24.4862,52.34,63.50,21.020,162.60,68.353,87.43,1947.13,262.05,431.78,88.59,7595.06,84.56,18.455,216.18,12.3455,58.61,526.839,3351.47,93.33
2021-03-03,24.7786,53.24,63.82,20.080,159.93,67.467,87.43,1976.31,260.15,436.01,88.18,7858.64,84.67,18.573,215.20,12.0272,59.20,534.516,3390.08,94.79
2021-03-04,24.8700,54.65,62.87,20.050,158.75,67.368,87.25,1980.20,262.05,435.24,88.68,7878.17,85.49,18.587,218.63,11.9995,62.89,532.405,3316.72,96.70
2021-03-05,25.0528,55.71,62.69,19.165,162.60,64.414,87.25,1997.70,264.43,432.74,88.18,7941.62,83.31,18.399,211.28,11.9672,62.89,535.668,3344.71,96.88
2021-03-08,24.7329,55.78,62.39,19.035,163.20,63.232,86.14,1993.81,263.48,431.97,87.86,7922.10,81.47,18.455,206.87,11.7642,61.28,532.789,3286.79,96.06
2021-03-09,25.8389,57.51,63.09,19.250,171.89,66.384,87.70,2011.32,261.57,448.71,89.46,7897.69,84.16,18.983,211.28,11.9856,63.86,546.608,3357.26,99.71
2021-03-10,25.9029,58.13,64.02,19.780,174.07,66.384,86.60,2007.43,258.72,451.40,90.60,8009.96,84.71,18.870,213.24,11.9764,63.95,551.790,3371.74,98.89
2021-03-11,25.9668,57.41,64.02,18.870,181.38,67.467,86.14,2040.50,256.81,456.78,91.61,8024.60,84.62,18.926,212.26,11.9072,63.03,545.840,3414.21,98.80
2021-03-12,26.2045,56.70,63.82,19.230,187.81,67.368,87.15,2030.77,262.05,459.67,92.16,8058.77,84.90,18.832,213.24,11.4320,63.03,552.749,3438.34,98.44
2021-03-15,26.0125,57.23,63.52,18.670,189.79,71.801,87.06,2034.66,262.05,456.01,93.53,8039.24,86.66,18.686,210.79,11.1460,62.98,555.628,3397.80,98.98
2021-03-16,25.9577,57.14,63.25,19.210,191.96,70.126,87.15,2046.33,264.91,456.59,94.53,8127.10,85.41,18.361,211.28,11.0307,62.84,554.093,3404.56,97.98
2021-03-17,26.1771,56.81,63.60,19.465,188.80,71.308,88.07,2011.32,277.77,459.48,94.53,8014.84,85.32,18.267,217.16,10.9984,62.74,558.891,3440.27,97.43
2021-03-18,26.1131,56.90,63.46,18.950,194.23,72.195,88.16,1991.87,271.10,460.25,95.91,8000.19,85.17,18.253,219.61,11.0999,62.16,557.740,3434.48,98.07
2021-03-19,26.4604,57.37,63.60,19.165,193.64,74.460,88.99,1997.70,281.11,465.44,96.09,7931.86,87.35,18.013,225.50,11.3813,62.30,554.477,3401.66,98.98
2021-03-22,26.6889,56.58,63.07,18.905,191.76,74.755,88.26,1993.81,281.11,459.09,95.63,7951.38,84.67,17.622,228.44,11.2290,60.51,552.941,3394.91,99.71
2021-03-23,26.7894,57.15,63.38,19.415,187.51,75.642,88.90,2030.77,276.34,462.17,96.55,8083.17,87.21,17.711,228.44,11.1875,60.31,557.164,3435.45,99.26
2021-03-24,26.7712,56.68,64.40,18.390,180.00,76.036,88.44,2048.28,276.82,458.32,95.63,7980.67,86.74,17.678,211.28,11.2290,59.83,561.770,3504.95,99.26
2021-03-25,26.5518,57.19,64.74,18.635,180.59,76.922,88.16,2036.61,278.73,460.63,95.81,8009.96,85.89,17.848,211.77,11.2890,60.36,564.649,3490.47,99.99
2021-03-26,26.3324,57.33,65.14,18.455,167.64,77.021,87.52,2063.84,279.70,450.44,95.45,8107.58,85.00,17.815,208.83,11.3674,60.41,565.800,3512.67,100.44
2021-03-29,26.7712,57.24,64.96,18.675,168.44,78.301,86.97,2077.45,279.70,452.17,94.90,8136.87,85.07,17.876,211.28,11.5058,60.65,570.599,3504.95,101.08
2021-03-30,26.7242,57.14,64.78,18.695,169.92,78.794,86.05,2087.18,279.70,454.28,94.99,8205.20,85.68,17.914,209.32,9.9142,60.75,575.781,3548.18,101.99
2021-03-31,26.7993,58.29,66.31,18.520,174.66,78.597,86.05,2081.35,277.27,463.51,96.09,8112.46,87.76,18.215,211.28,9.6097,61.82,580.579,3555.06,103.09
2021-04-01,26.8369,57.39,65.89,18.840,175.26,79.778,84.67,2077.45,275.80,463.13,95.17,8053.89,86.02,17.956,212.75,9.1364,61.33,577.316,3578.64,101.26
2021-04-06,27.0531,58.38,66.43,19.520,176.94,80.665,85.50,2075.51,279.70,470.82,96.36,8166.15,87.31,18.149,222.56,9.3745,62.01,583.458,3606.16,102.08
2021-04-07,27.4853,58.90,66.53,19.420,179.60,82.733,85.41,2077.45,286.04,479.67,97.55,8190.56,89.79,18.286,230.40,9.3375,63.18,590.943,3628.76,102.91
2021-04-08,27.2128,58.92,65.97,19.580,180.10,79.680,86.33,2096.91,283.60,472.94,98.28,8214.96,88.45,18.215,225.50,9.3053,62.84,589.791,3611.07,103.36
2021-04-09,27.4101,59.59,67.01,19.200,179.31,79.680,86.79,2120.25,288.47,474.09,97.92,8517.60,88.45,17.970,230.89,9.2545,62.45,592.478,3672.97,102.36
2021-04-12,27.7484,59.90,67.31,18.755,176.84,82.635,87.15,2114.41,286.04,483.23,98.47,8522.48,88.37,17.965,235.30,9.0386,63.18,597.660,3736.84,102.54
2021-04-13,27.5605,59.01,68.02,18.590,178.62,81.945,87.25,2104.69,282.14,479.48,97.83,8395.57,87.40,17.852,235.30,9.0700,62.40,593.630,3698.52,102.54
2021-04-14,27.3631,58.81,67.11,19.175,179.70,82.930,87.06,2094.96,287.99,477.75,96.73,8341.87,88.77,18.177,235.30,9.0552,62.79,592.862,3777.13,102.45
2021-04-15,27.5135,60.03,67.21,19.255,178.91,86.673,86.88,2089.13,282.14,473.90,96.18,8400.45,91.71,18.710,237.26,9.0663,62.69,587.680,3778.11,100.90
2021-04-16,28.3780,60.22,67.79,18.835,185.73,87.658,87.25,2096.91,285.55,476.02,95.91,8376.04,91.63,18.973,239.71,9.0441,62.55,588.448,3772.22,100.44
2021-04-19,28.8384,61.10,67.69,18.715,193.15,87.658,87.34,2108.58,283.11,484.67,97.00,8405.33,91.20,19.313,244.61,9.1346,63.13,599.986,3786.96,100.90
2021-04-20,28.6035,61.12,67.27,18.370,190.77,87.953,87.80,2124.14,279.70,485.16,97.37,8488.31,90.76,19.068,243.14,9.0054,62.98,599.986,3827.24,101.35
2021-04-21,27.9363,60.48,67.15,16.000,187.12,88.052,87.89,2104.69,272.88,476.00,95.54,8473.67,87.99,18.705,239.22,8.7009,61.92,594.510,3820.36,99.71
2021-04-22,28.0209,59.17,68.76,16.215,185.63,90.120,86.97,2118.30,276.29,473.66,95.45,8483.43,89.83,18.818,237.26,8.6566,62.30,600.768,3847.88,99.90
2021-04-23,27.9551,60.28,68.96,16.055,187.02,91.597,85.96,2122.19,279.21,478.92,95.54,8380.92,90.17,18.842,242.16,8.4739,62.74,602.528,3833.14,99.99
2021-04-26,28.1431,59.96,69.08,16.030,189.39,92.385,86.60,2137.76,281.65,483.21,95.63,8395.57,90.15,18.983,242.65,8.6640,63.43,608.004,3839.03,100.62
2021-04-27,28.0867,59.54,69.20,15.920,194.73,93.370,86.51,2124.14,278.73,480.68,97.01,8361.40,90.04,19.096,243.44,8.6640,63.97,607.222,3808.57,100.90
2021-04-28,28.3498,59.64,68.88,15.880,194.14,93.173,86.42,2128.03,278.24,477.36,96.06,8419.97,88.81,19.218,246.40,8.8411,64.07,608.004,3807.59,99.35
2021-04-29,28.5283,59.26,69.02,16.105,191.37,91.597,86.42,2003.54,277.75,474.44,97.01,8244.25,89.26,19.124,239.01,8.9814,63.92,605.462,3778.11,99.99
2021-04-30,28.2840,58.79,68.66,16.000,178.52,91.105,86.69,1984.09,282.63,468.60,95.77,8312.59,89.15,18.328,243.44,8.9076,64.21,597.835,3792.85,99.80
2021-05-03,27.8612,57.99,68.20,15.830,174.37,91.948,85.50,1960.74,277.75,466.84,94.11,8268.66,88.77,18.008,230.63,8.8079,62.89,587.079,3757.48,100.17
2021-05-04,28.1243,58.48,68.84,15.995,177.43,91.948,85.60,1958.80,278.73,472.49,93.50,8297.94,89.91,17.796,232.60,8.8799,62.79,591.772,3777.13,101.17
2021-05-05,27.7108,55.49,67.50,16.175,169.03,90.063,84.83,1954.91,283.60,463.73,91.03,8234.49,88.05,17.758,217.82,8.6785,61.32,595.293,3747.65,98.88
2021-05-06,28.7727,55.83,63.62,17.650,176.15,91.055,85.60,1986.03,283.11,476.39,92.03,8283.30,90.13,18.399,221.76,8.7531,62.79,616.022,3834.12,98.69
2021-05-07,28.6975,56.32,62.34,17.815,170.31,89.369,85.50,1997.70,283.60,474.64,92.17,8456.39,89.81,18.352,216.34,8.6729,62.69,618.565,3822.33,99.93
2021-05-10,28.7633,57.33,64.05,18.270,172.39,90.559,84.93,1993.81,284.57,480.29,92.74,8377.26,90.68,18.418,221.27,8.6281,63.72,617.978,3816.43,101.36
2021-05-11,28.5471,57.67,61.86,18.110,170.21,90.361,84.26,1989.92,276.78,475.42,92.60,8312.97,90.51,18.418,214.37,8.5592,63.58,608.982,3823.31,100.69
2021-05-12,28.1807,55.96,61.52,17.735,169.03,89.369,83.30,1958.80,273.85,470.54,92.36,8174.51,89.00,18.135,205.50,8.4491,60.28,596.661,3756.50,98.40
2021-05-14,28.1149,56.23,60.74,17.685,166.06,89.667,83.02,1964.63,278.73,472.10,92.50,8164.62,88.56,18.352,201.06,8.6020,59.84,600.573,3728.98,98.88
2021-05-17,28.8572,57.22,61.74,17.545,167.84,91.155,83.59,1958.80,275.32,483.01,95.11,8189.34,89.43,18.338,205.50,8.6785,60.58,607.222,3760.43,99.64
2021-05-18,28.5941,56.96,61.88,17.245,171.01,92.345,83.30,1960.74,274.34,479.12,95.58,8248.69,89.28,18.323,208.45,8.7494,60.19,606.244,3788.92,99.36
2021-05-19,28.5941,58.04,61.62,16.950,170.91,93.238,81.97,1972.41,278.73,478.14,96.44,8184.40,90.46,18.408,218.31,8.7363,61.02,610.155,3786.96,98.12
2021-05-20,27.7484,56.15,60.92,16.775,167.64,93.138,81.68,1966.58,274.83,465.48,94.78,8278.36,88.62,18.220,218.31,8.6673,60.04,605.657,3799.73,96.30
2021-05-21,28.0303,56.66,61.58,16.850,167.94,95.618,82.92,1964.63,275.32,464.70,97.58,8337.70,89.72,18.234,222.74,8.8706,60.53,617.196,3887.18,96.87
2021-05-25,28.3310,56.98,62.22,16.775,169.82,94.428,80.92,1972.41,273.85,464.70,98.05,8421.77,94.15,18.338,224.72,8.9190,60.97,618.760,3897.01,96.87
2021-05-26,28.3592,57.52,61.76,16.765,170.21,95.519,80.72,1978.25,273.85,472.30,97.29,8397.04,97.22,18.309,227.18,8.9955,62.20,628.147,3943.19,95.92
2021-05-27,28.3310,57.54,62.46,16.740,170.91,95.519,80.15,1987.98,274.34,474.64,96.34,8545.40,100.15,18.314,229.15,8.9507,61.91,628.734,3964.81,95.15
2021-05-28,28.6975,57.88,61.46,17.305,174.17,96.114,80.06,1991.87,275.32,481.85,96.72,8570.13,101.15,18.201,234.08,9.1037,62.99,632.841,3935.33,95.73
2021-05-31,28.8290,58.51,62.66,17.720,174.17,98.098,81.11,1991.87,273.85,479.90,97.20,8397.04,103.61,18.342,238.02,9.1876,63.58,639.294,3954.98,96.59
2021-06-01,28.8196,58.08,62.38,17.710,172.88,97.899,79.77,2001.59,277.27,481.46,96.82,8481.11,103.95,18.328,237.53,9.1372,63.58,636.165,3943.19,95.92
2021-06-02,29.1767,59.34,63.20,18.065,177.83,97.304,80.82,1982.14,277.27,489.54,96.91,8406.93,106.69,18.568,242.46,9.2584,64.66,641.641,3953.02,96.59
2021-06-03,29.4116,58.98,62.74,18.075,176.15,96.511,81.20,1997.70,276.29,489.05,97.67,8580.02,108.50,18.535,241.47,9.2510,65.05,642.814,3961.86,96.11
2021-06-04,29.4492,58.81,62.26,18.360,178.62,96.511,79.96,1986.03,277.27,487.59,98.33,8510.78,107.41,18.446,240.98,9.3284,64.51,643.988,3977.58,96.20
2021-06-07,29.5150,58.91,62.98,19.160,182.08,98.098,80.72,1982.14,277.75,487.59,99.47,8495.95,107.60,18.545,245.91,9.2939,64.61,644.770,4014.92,95.63
2021-06-08,29.5714,58.31,62.86,19.175,176.84,98.693,79.77,1989.92,268.49,482.04,100.23,8594.85,109.30,18.512,245.91,9.2491,64.21,642.032,4003.13,95.39
2021-06-09,29.4116,58.06,62.06,18.965,176.44,100.181,79.20,2003.54,277.27,476.00,99.76,8619.58,109.30,18.517,243.94,9.0962,63.87,651.615,4032.61,94.91
2021-06-10,29.2707,57.86,62.24,18.795,174.76,101.371,78.53,2017.15,272.88,469.77,99.47,8673.98,110.20,18.375,245.41,9.0104,63.67,652.592,4096.48,93.86
2021-06-11,29.0639,57.73,62.28,18.635,168.73,103.553,78.62,2003.54,273.85,460.41,100.23,8629.47,108.69,18.290,243.94,8.9452,63.28,648.094,4156.41,93.86
2021-06-14,29.0827,59.62,63.14,18.770,170.81,104.942,79.10,2015.21,273.37,464.70,101.18,8669.03,108.64,18.394,251.82,8.9526,64.61,651.419,4154.45,94.34
2021-06-15,29.1579,60.37,63.66,18.955,167.55,105.934,79.20,2048.28,278.73,461.39,100.23,8654.20,109.11,18.215,250.83,8.9265,64.75,654.744,4156.41,94.25
2021-06-16,29.3834,59.83,63.68,18.775,168.24,109.703,79.10,2059.95,278.73,463.73,100.04,8847.06,109.25,18.507,250.34,8.9843,64.46,657.677,4189.82,96.01
2021-06-17,29.0639,60.09,63.98,18.640,167.15,102.363,79.39,2083.29,280.19,470.35,100.61,8896.51,109.30,18.625,250.34,8.9321,64.80,660.806,4207.51,98.12
2021-06-18,28.8572,59.84,64.59,18.265,164.98,103.355,78.62,2089.13,278.73,452.03,101.37,8970.69,109.06,18.215,245.91,8.9601,64.46,660.219,4159.36,98.69
2021-06-21,28.4626,58.40,64.57,17.595,162.60,103.156,77.48,2093.02,281.16,444.05,99.95,8936.08,106.60,17.834,241.96,8.7717,63.77,661.393,4179.01,96.30
2021-06-22,28.9606,58.55,64.49,17.720,166.36,104.942,79.00,2091.07,283.60,453.98,100.61,8980.58,107.69,17.937,244.43,8.7680,63.92,668.433,4244.85,97.64
2021-06-23,29.2895,58.79,64.61,17.870,167.35,105.339,79.10,2100.80,273.85,457.69,100.89,8965.75,107.69,18.093,241.47,8.7400,64.56,675.278,4260.57,97.64
2021-06-24,29.1109,58.23,64.21,17.970,165.07,102.760,77.95,2093.02,275.80,456.91,99.85,8970.69,106.93,17.899,241.96,8.7680,64.31,672.931,4257.62,97.35
2021-06-25,29.5056,58.85,64.39,18.300,170.41,105.537,77.57,2114.41,280.68,456.13,100.42,9114.10,108.26,17.998,247.38,9.0141,64.75,684.078,4300.86,98.02
2021-06-28,29.7405,58.81,64.37,18.710,171.40,106.330,78.24,2098.85,277.27,463.53,100.89,9213.01,107.45,17.956,251.82,9.1820,66.08,683.882,4267.45,98.69
2021-06-29,29.6277,58.96,64.41,18.830,171.20,110.695,77.38,2096.91,280.68,459.44,99.47,9272.35,107.12,17.768,250.34,9.0384,66.28,682.905,4256.64,96.30
2021-06-30,29.8815,59.75,65.01,18.955,173.38,109.901,77.95,2094.96,279.70,462.17,99.09,9232.79,106.98,17.857,248.86,9.0682,67.11,690.727,4268.43,95.92
2021-07-01,29.4962,58.94,64.59,18.560,170.71,108.711,79.39,2091.07,276.29,471.32,98.33,9104.21,106.13,17.999,250.83,9.0365,67.46,678.602,4228.15,95.06
2021-07-02,29.4586,59.49,64.81,18.710,171.70,108.314,79.58,2093.02,275.80,472.88,98.43,9104.21,106.03,18.444,251.33,9.1111,67.36,677.038,4210.46,95.34
2021-07-05,29.8157,59.88,64.83,19.170,169.72,110.496,79.67,2102.74,279.70,478.53,97.67,9217.96,105.79,18.385,255.76,8.9507,67.41,676.060,4243.87,95.11
2021-07-06,29.9566,60.48,64.71,19.415,161.32,111.488,79.48,2118.30,273.85,478.14,97.86,9232.79,106.13,18.219,249.85,9.0664,67.70,675.669,4247.80,96.68
2021-07-07,29.8815,58.96,65.09,19.160,158.55,114.861,78.24,2145.54,273.85,467.23,97.48,9208.06,104.80,17.999,253.30,8.8202,66.62,678.798,4238.95,95.25
2021-07-08,30.4641,59.60,65.87,18.890,160.13,114.067,77.86,2188.33,275.32,474.25,97.67,9395.98,106.08,18.185,250.34,8.7251,67.36,695.029,4320.51,95.63
2021-07-09,30.2291,57.61,64.33,18.095,157.86,113.075,76.81,2153.32,273.37,464.12,95.87,9302.02,103.28,17.960,245.91,8.4976,67.75,688.967,4254.68,94.20
2021-07-12,30.8681,58.68,64.23,17.915,161.32,112.480,77.38,2147.48,274.83,471.52,96.53,9420.71,104.89,18.283,246.40,8.5685,68.73,694.638,4257.62,96.01
2021-07-13,30.8399,59.08,64.65,17.650,160.63,115.059,77.86,2163.04,271.90,473.47,96.72,9465.22,106.51,18.395,253.79,8.6207,68.93,702.265,4302.82,96.20
2021-07-14,30.8399,59.19,64.37,17.280,161.02,113.869,77.67,2178.60,269.47,470.54,96.15,9514.67,106.17,18.415,253.30,8.5013,69.27,707.741,4321.49,95.82
2021-07-15,30.7366,59.23,63.78,17.320,160.63,114.464,77.38,2174.71,269.96,470.35,94.83,9499.83,108.21,18.317,254.78,8.4342,70.50,704.612,4286.12,95.49
2021-07-16,30.7178,57.93,62.90,16.920,160.03,113.075,77.28,2163.04,272.88,474.64,94.21,9440.49,106.32,18.283,251.82,8.4398,69.32,705.981,4297.91,95.25
2021-07-19,30.5110,57.48,63.16,16.630,158.16,113.075,77.28,2190.28,270.93,471.52,94.21,9485.00,105.37,18.366,251.82,8.3969,69.13,705.981,4332.30,94.39
2021-07-20,29.7029,55.74,62.86,16.255,158.16,114.861,75.95,2178.60,265.57,461.39,91.27,9569.07,101.58,17.999,248.37,8.2049,67.95,700.701,4378.48,90.47
2021-07-21,30.2103,56.49,63.20,16.700,155.19,114.861,77.09,2176.66,264.60,467.23,92.31,9588.85,102.90,18.243,249.85,8.4212,68.24,706.177,4397.15,91.71
2021-07-22,30.6990,57.73,63.58,17.285,161.71,115.059,77.09,2201.95,270.93,474.83,93.31,9618.52,105.51,18.488,259.21,8.6020,69.03,711.457,4393.22,94.29
2021-07-23,31.1500,57.88,64.47,17.030,164.68,116.844,77.28,2200.00,269.96,476.78,90.98,9608.63,107.12,18.522,268.08,8.5480,70.26,718.888,4368.66,94.48
2021-07-26,31.6386,59.49,65.23,17.265,170.41,117.241,76.52,2211.67,266.54,484.18,90.37,9643.25,110.06,18.630,276.46,8.6337,70.65,727.102,4410.91,95.06
2021-07-27,31.6574,60.09,63.98,17.180,172.09,115.654,76.52,2207.78,266.54,481.26,91.41,9712.48,111.06,18.703,278.92,8.7866,70.31,716.541,4348.02,95.54
2021-07-28,31.5917,57.65,63.78,16.725,173.28,115.853,76.81,2229.18,278.73,481.85,89.37,10009.20,108.59,18.865,279.42,8.7363,70.50,717.128,4394.21,95.20
2021-07-29,31.4789,53.07,65.47,16.935,171.60,117.043,76.04,2217.51,276.78,482.43,88.85,9949.85,109.82,18.909,293.71,8.6654,70.99,723.386,4422.70,94.96
2021-07-30,31.4225,52.59,65.73,17.475,165.27,117.043,76.90,2225.29,273.85,491.98,89.18,9989.42,110.87,18.601,293.71,8.4939,72.37,729.253,4405.01,95.06
2021-08-02,31.1312,50.90,65.81,17.330,171.99,119.027,77.28,2233.07,271.90,491.00,89.28,10038.87,109.97,18.429,292.72,8.4902,72.03,727.297,4443.34,94.29
2021-08-03,31.0654,50.77,66.85,18.005,168.14,122.399,77.09,2250.58,273.85,486.72,89.89,10108.10,111.91,18.483,296.66,8.7046,72.47,730.426,4455.13,95.54
2021-08-04,31.3098,50.58,66.53,18.030,169.23,125.375,77.67,2248.63,271.90,482.63,90.37,10187.23,111.86,18.566,293.22,8.7270,72.42,729.644,4453.16,95.73
2021-08-05,31.6668,50.05,67.39,18.880,169.52,122.597,77.38,2248.63,270.93,482.24,91.74,10167.44,109.73,18.366,298.64,8.7270,73.01,743.138,4472.81,96.20
2021-08-06,31.7514,49.66,65.93,18.920,167.05,120.812,78.34,2250.58,268.98,479.90,92.50,10167.44,109.35,18.552,301.59,8.8146,73.45,743.138,4479.69,97.06
2021-08-09,31.7138,50.69,65.71,18.965,168.53,119.423,78.62,2252.52,271.90,479.51,92.17,10028.98,109.92,18.855,303.56,8.9880,73.16,734.729,4434.49,97.83
2021-08-10,31.6762,50.37,66.29,18.420,166.06,122.399,78.43,2264.19,281.65,473.08,92.22,10078.43,110.16,18.992,305.54,9.0347,72.76,740.987,4474.78,99.83
2021-08-11,32.1085,50.09,65.75,18.220,167.35,121.010,78.53,2262.25,280.68,473.47,91.60,10088.32,109.68,19.231,307.01,9.0384,73.60,747.245,4473.80,99.17
2021-08-12,32.3340,49.87,65.37,17.815,168.93,118.431,79.29,2262.25,282.63,469.38,92.41,10117.99,108.97,19.114,301.59,9.0011,73.84,749.983,4486.57,99.26
2021-08-13,32.4468,50.39,65.15,17.720,178.72,119.423,78.53,2266.14,282.63,471.13,91.84,10137.77,109.21,19.163,307.01,8.9601,74.43,757.805,4491.48,99.45
2021-08-16,32.5313,49.89,64.65,17.560,181.78,119.225,79.48,2279.75,282.63,470.54,92.45,10187.23,108.92,19.295,310.46,8.8911,74.83,754.089,4516.05,100.50
2021-08-17,32.4374,49.36,64.25,17.500,182.67,120.415,78.53,2273.92,278.24,470.74,91.65,10078.43,105.89,19.104,311.45,8.7866,74.68,750.960,4489.52,100.03
2021-08-18,32.3340,48.72,64.37,17.450,180.69,122.994,77.48,2285.59,285.55,464.12,91.98,10246.57,103.85,19.016,316.87,8.7941,74.63,749.787,4544.54,99.83
2021-08-19,32.6441,48.89,73.07,17.575,182.27,125.176,78.62,2310.88,285.55,462.17,93.12,10305.91,100.91,19.109,323.28,8.9041,74.83,748.223,4547.49,101.08
2021-08-20,32.2306,47.43,73.55,17.450,177.43,124.581,78.14,2293.37,279.70,451.06,92.22,10315.80,94.17,18.840,315.39,8.7400,73.30,735.707,4521.94,99.74
2021-08-23,32.3246,47.32,73.77,17.655,174.46,128.549,78.05,2297.26,281.65,450.09,91.79,10226.79,93.85,18.713,329.19,8.7139,73.06,744.507,4544.54,100.31
2021-08-24,32.4937,47.82,74.03,18.110,172.19,135.095,76.71,2295.32,277.75,449.89,63.44,10276.24,97.40,18.855,334.61,8.7922,73.16,750.765,4581.88,100.69
2021-08-25,32.5313,47.39,74.33,18.610,173.97,133.905,76.52,2293.37,268.49,447.55,65.71,10305.91,98.21,18.967,340.03,8.8836,73.55,744.311,4550.44,101.55
2021-08-26,32.0521,48.25,73.73,18.855,173.77,133.707,76.14,2271.97,273.85,450.28,64.20,10385.04,98.12,18.972,333.13,9.1633,73.06,741.769,4514.08,100.98
2021-08-27,32.2682,48.52,74.42,18.465,172.98,132.913,75.57,2281.70,271.42,450.48,63.39,10355.36,98.21,18.923,336.09,9.0869,73.30,748.809,4519.00,100.98
2021-08-30,32.1367,48.52,74.48,18.850,173.77,133.310,74.51,2310.88,269.47,454.57,63.39,10592.74,97.93,19.109,337.07,9.0477,73.99,752.329,4547.49,101.27
2021-08-31,32.2776,48.63,75.14,18.830,175.95,132.913,74.42,2310.88,268.98,460.02,65.14,10642.19,96.88,19.222,347.92,9.0645,74.24,752.916,4555.35,100.79
2021-09-01,31.8736,47.80,75.22,18.630,173.28,132.913,74.23,2270.03,277.75,451.06,63.49,10652.08,95.75,18.860,342.49,9.0570,73.84,748.223,4515.07,100.22
2021-09-02,31.9487,48.89,76.04,18.850,171.80,130.731,74.51,2277.81,274.83,468.60,65.19,10503.72,97.93,18.879,352.84,9.0813,73.94,749.787,4497.38,100.89
2021-09-03,32.2870,48.46,76.74,19.000,175.55,135.095,74.61,2266.14,277.75,476.00,64.24,10652.08,98.68,19.021,355.80,9.0775,75.22,753.894,4508.19,100.41
2021-09-06,32.3434,47.95,77.02,18.755,170.21,133.310,74.23,2268.08,277.75,470.16,64.96,10612.52,96.22,18.870,349.39,9.0309,75.22,746.071,4504.26,99.83
2021-09-07,32.4374,48.18,78.17,18.745,171.01,134.698,73.75,2260.30,281.65,470.54,63.63,10681.75,97.64,19.153,347.42,9.1092,75.66,750.765,4532.75,100.03
2021-09-08,31.9769,47.92,77.83,18.375,170.81,134.897,73.75,2256.41,277.27,469.77,63.82,10592.74,100.01,18.904,345.45,9.1037,75.47,750.960,4493.45,99.55
2021-09-09,31.5823,47.56,77.12,17.510,165.47,134.897,72.60,2236.96,280.19,458.07,62.63,10533.39,99.35,18.781,335.10,9.0067,74.24,743.138,4467.90,99.36
2021-09-10,31.5635,47.30,77.20,17.330,166.26,139.856,72.13,2229.18,274.83,460.22,63.30,10513.61,99.35,18.669,345.94,9.1242,74.63,745.680,4458.07,99.26
2021-09-13,31.6762,45.85,76.90,17.750,163.99,141.642,71.94,2166.93,269.96,461.39,62.44,10464.16,102.14,18.586,349.39,8.9899,74.43,743.333,4440.39,98.31
2021-09-14,31.7796,46.09,77.60,17.760,165.96,141.047,72.41,2155.26,281.16,459.05,62.68,10513.61,101.62,18.698,343.48,9.1204,75.07,745.680,4451.20,100.60
2021-09-15,31.8830,44.51,79.13,17.960,164.38,145.212,69.26,2124.14,277.27,458.85,60.50,10454.27,98.02,18.498,342.49,9.0067,74.93,747.831,4466.92,95.73
2021-09-16,31.5353,44.03,79.77,17.365,161.32,147.593,68.40,2116.36,274.83,456.32,59.55,10513.61,93.94,18.302,341.51,8.7904,74.14,735.120,4445.30,95.06
2021-09-17,31.7232,45.10,79.45,17.105,159.44,152.354,68.88,2139.70,273.85,454.57,59.83,10652.08,92.88,18.415,353.34,8.8650,74.63,739.422,4503.27,96.87
2021-09-20,31.1030,45.26,78.11,17.050,154.30,154.338,68.59,2161.10,285.55,441.12,61.87,10978.47,94.30,17.705,348.90,8.8612,73.21,729.057,4410.91,95.44
2021-09-21,30.2291,45.11,77.80,16.770,150.25,149.577,67.35,2147.48,278.73,437.42,61.02,10721.31,91.33,17.309,340.03,8.1918,70.95,722.017,4386.34,93.72
2021-09-22,30.2385,44.68,78.41,16.710,146.99,153.743,66.59,2155.26,280.68,431.19,59.98,10533.39,92.61,17.319,346.44,8.1265,70.80,729.644,4434.49,93.58
2021-09-23,30.5956,45.71,78.21,17.100,151.43,155.726,67.73,2147.48,285.55,439.76,61.02,10483.94,94.56,17.696,357.28,8.3372,72.62,726.319,4379.47,95.54
2021-09-24,30.9809,45.23,78.97,17.720,151.73,159.694,67.64,2145.54,283.11,445.80,61.30,10602.63,97.78,17.833,366.64,8.4939,72.96,724.168,4430.56,96.20
2021-09-27,30.3795,45.39,78.03,17.810,151.93,157.115,68.59,2110.52,285.06,442.88,61.73,10523.50,97.24,17.686,360.73,8.5722,72.22,706.763,4295.94,95.92
2021-09-28,30.0694,45.36,77.04,17.940,152.82,150.172,68.59,2098.85,282.63,438.79,61.78,10474.05,95.99,17.534,337.07,8.7829,71.19,681.536,4162.31,98.40
2021-09-29,29.3834,44.85,75.38,17.210,151.24,138.269,68.97,2026.88,278.24,431.38,60.40,10048.76,93.67,17.402,312.93,8.6878,68.44,669.020,4130.87,97.92
2021-09-30,29.4774,44.93,75.70,17.045,150.84,140.451,68.21,2048.28,280.68,428.46,59.98,10187.23,94.76,17.324,312.93,8.7158,67.26,675.864,4159.36,98.12
2021-10-01,29.4962,44.09,75.82,17.055,149.75,141.840,67.92,2061.89,282.63,434.50,59.65,10305.91,94.31,17.241,319.33,8.6654,68.29,673.713,4187.86,97.35
2021-10-04,28.7633,43.99,73.93,17.005,148.17,144.816,68.02,2052.17,293.35,424.56,59.03,10375.14,95.90,17.065,322.29,8.5666,67.80,668.042,4206.53,96.78
2021-10-05,28.5377,44.17,72.05,16.635,145.90,142.634,68.11,2040.50,286.52,423.78,58.79,10345.47,96.21,17.021,318.35,8.5275,66.38,661.002,4181.96,97.64
2021-10-06,28.7539,44.40,72.49,16.650,145.50,151.164,67.45,2036.61,282.14,427.48,58.46,10513.61,95.78,17.060,334.12,8.6505,66.92,666.868,4185.89,98.31
2021-10-07,28.3216,44.28,71.83,16.165,141.94,152.751,67.25,2032.72,282.14,422.03,59.27,10493.83,93.86,16.698,309.97,8.5536,65.69,666.868,4233.06,97.45
2021-10-08,29.0264,45.51,72.87,16.825,146.00,147.196,68.50,2048.28,281.65,425.73,60.69,10612.52,97.97,17.035,313.42,8.8780,66.87,677.624,4243.87,99.17
2021-10-11,28.8384,45.34,72.69,16.530,146.39,147.990,67.83,2058.00,287.01,425.34,60.59,10652.08,97.00,17.030,305.54,8.9824,66.67,672.149,4187.86,99.26
2021-10-12,28.6787,45.24,73.03,16.910,145.90,150.370,66.97,2058.00,288.96,424.37,59.55,10661.97,97.92,17.035,310.96,9.0123,66.77,670.975,4212.42,99.74
2021-10-13,28.9230,45.14,72.29,16.790,148.27,152.751,66.97,2063.84,289.45,421.05,60.31,10632.30,98.07,17.123,314.90,8.9974,66.82,675.864,4113.18,100.41
2021-10-14,29.4398,44.90,72.79,16.900,149.06,157.710,66.39,2081.35,288.96,426.71,59.83,10849.89,100.97,17.363,328.70,8.8445,67.85,682.513,4169.19,99.17
2021-10-15,29.7687,45.36,72.41,16.815,151.63,162.075,65.82,2100.80,286.04,436.84,59.93,10879.56,105.13,17.417,333.62,8.9582,68.34,685.251,4153.47,100.98
2021-10-18,29.9848,45.68,72.31,17.095,151.53,166.241,66.39,2106.63,288.47,440.73,60.21,11037.81,106.39,17.569,339.54,9.1298,69.27,691.900,4147.57,101.46
2021-10-19,29.6465,44.73,71.85,17.250,150.25,165.844,67.25,2093.02,288.47,439.18,59.88,10849.89,105.33,17.480,336.58,9.0216,68.83,691.900,4185.89,101.17
2021-10-20,29.9566,44.40,74.46,17.545,147.78,147.791,67.35,2065.78,289.93,443.66,60.17,10879.56,105.52,17.569,335.10,9.1242,69.37,697.376,4204.56,101.84
2021-10-21,30.1634,44.12,74.44,17.690,148.96,143.824,67.35,2079.40,290.91,443.85,60.02,10889.45,106.15,17.564,334.61,8.9675,68.19,700.114,4196.70,102.61
2021-10-22,28.2840,44.40,74.78,17.865,146.89,149.577,66.20,2065.78,292.37,439.18,60.17,10810.33,106.54,17.583,337.57,8.9414,66.82,695.225,4220.28,100.89
2021-10-25,28.4626,44.63,74.70,17.445,148.76,152.156,66.87,2052.17,289.45,439.18,59.27,10671.86,108.28,17.480,342.99,8.9787,66.23,699.527,4226.18,101.36
2021-10-26,28.2464,44.28,75.50,17.345,149.16,151.957,67.45,2040.50,293.35,443.27,58.41,10602.63,108.57,17.471,341.02,9.1055,66.38,700.114,4250.74,101.55
2021-10-27,28.4907,44.79,76.26,17.820,150.05,151.164,67.06,2058.00,296.27,451.45,58.79,10770.77,110.51,17.637,338.06,9.2081,66.97,698.941,4267.45,102.70
2021-10-28,28.6411,43.88,75.26,17.485,149.46,145.609,67.45,2061.89,294.81,452.81,57.61,10750.98,109.68,17.686,331.16,9.1148,67.46,700.896,4294.96,103.27
2021-10-29,28.4626,43.76,75.56,18.190,138.09,146.006,70.60,2061.89,289.93,454.96,57.75,10741.09,110.60,18.561,334.61,8.9526,67.51,705.590,4330.34,103.47
2021-11-01,28.4626,43.20,75.44,18.090,141.55,146.006,70.41,2059.95,286.52,449.70,57.89,10671.86,109.49,18.840,335.10,8.8873,68.05,698.941,4234.04,104.13
2021-11-02,28.4907,43.99,76.98,18.065,146.19,146.403,72.41,2061.89,289.93,451.06,59.50,10810.33,110.70,18.899,346.44,9.3890,69.27,704.612,4289.07,103.66
2021-11-03,28.9606,42.23,77.74,16.540,145.80,145.808,70.88,2079.40,285.06,450.67,60.07,10810.33,110.41,18.855,342.49,9.3936,69.08,709.501,4346.06,103.94
2021-11-04,29.6090,43.86,78.29,16.220,147.28,145.014,71.27,2104.69,291.88,443.66,60.78,11176.28,111.57,18.977,349.89,9.2305,69.72,700.896,4410.91,104.61
2021-11-05,29.7311,44.48,78.09,16.810,149.56,148.387,71.17,2124.14,289.93,445.02,61.35,11324.63,112.73,19.163,356.29,8.7848,70.85,710.283,4388.31,104.23
2021-11-08,29.5902,44.19,77.93,17.360,150.25,137.674,70.88,2110.52,288.47,435.47,61.40,11383.98,116.46,19.095,353.83,8.7605,71.14,700.114,4283.17,104.32
2021-11-09,29.9472,43.84,78.69,17.010,153.90,142.634,69.93,2087.18,289.93,443.27,60.45,11413.65,119.75,18.884,362.21,8.8333,72.22,707.350,4322.47,104.52
2021-11-10,29.9660,43.34,78.11,16.875,154.99,144.816,68.21,2098.85,290.42,439.56,60.69,11571.90,119.56,18.840,372.56,8.7158,71.93,707.154,4322.47,103.85
2021-11-11,30.0412,43.11,77.28,17.230,151.83,140.650,68.50,2153.32,294.32,447.75,60.59,11423.54,117.86,18.855,365.66,8.7288,70.26,710.088,4354.90,103.27
2021-11-12,30.1258,42.93,75.10,17.530,153.51,140.451,67.83,2164.99,297.24,443.66,60.83,11294.96,118.73,18.845,364.67,8.6785,69.77,719.084,4379.47,102.89
2021-11-15,30.3513,45.69,74.82,17.900,155.78,141.642,68.11,2198.06,297.73,451.06,60.17,11334.52,131.66,19.383,361.71,8.6915,70.26,727.884,4419.75,103.27
2021-11-16,30.2949,45.15,75.84,18.680,152.92,145.212,68.40,2219.45,300.17,450.09,60.69,11403.76,135.34,19.222,347.92,8.7083,69.37,718.497,4408.94,103.18
2021-11-17,30.6802,44.36,76.78,18.570,155.39,146.800,69.55,2227.23,301.63,451.26,60.74,11275.18,136.21,19.295,343.97,8.6524,69.62,703.634,4421.72,102.89
2021-11-18,31.0560,44.07,77.26,18.345,158.25,145.212,69.83,2236.96,300.65,452.03,60.97,11354.31,137.03,19.295,342.99,8.8948,71.09,708.914,4433.51,102.22
2021-11-19,31.0185,44.27,76.84,18.080,155.39,142.038,69.93,2240.85,293.83,446.38,60.02,11205.95,136.89,19.315,339.54,8.7382,70.55,714.586,4489.52,101.17
2021-11-22,31.2440,43.35,76.94,17.610,152.82,138.864,70.02,2236.96,290.42,442.88,59.83,11393.87,133.50,19.290,361.22,8.5312,70.06,723.973,4556.33,100.60
2021-11-23,31.4977,43.41,75.66,17.460,153.90,135.690,69.55,2236.96,286.04,446.97,59.93,11265.29,134.80,19.359,362.21,8.4529,69.57,703.439,4568.13,100.79
2021-11-24,31.1124,43.03,74.21,17.500,147.28,131.723,69.93,2201.95,286.52,434.30,60.07,11027.92,133.01,18.821,336.09,8.5368,67.51,680.167,4434.49,100.31
2021-11-25,30.9245,42.97,74.35,16.905,144.61,130.334,68.02,2194.17,287.50,435.08,59.55,11205.95,134.47,18.561,330.17,8.6020,68.00,682.513,4415.82,100.41
2021-11-26,30.9057,43.21,74.96,16.780,144.22,131.326,68.78,2174.71,283.60,429.82,60.17,11097.15,136.16,18.483,337.57,8.5778,69.13,684.469,4416.80,100.98
2021-11-29,29.5996,41.77,72.43,16.265,139.37,135.095,67.35,2157.21,276.78,416.77,58.74,11166.39,129.19,17.764,325.74,8.2794,67.26,678.016,4444.32,96.40
2021-11-30,30.0130,41.02,72.87,16.640,135.91,136.285,67.64,2149.43,280.19,414.24,59.31,11205.95,134.47,17.715,337.07,8.2664,67.11,682.513,4445.30,97.54
2021-12-01,29.9660,40.13,72.51,16.370,138.48,131.723,71.36,2120.25,284.57,408.20,60.45,11186.17,132.34,17.657,341.51,8.3093,65.93,688.185,4421.72,97.16
2021-12-02,30.3325,41.81,73.17,17.385,143.62,133.707,71.46,2120.25,281.16,417.94,61.45,10978.47,134.42,17.935,347.42,8.3839,68.05,695.421,4411.89,98.88
2021-12-03,30.3983,42.05,72.57,16.525,146.29,123.986,69.07,2118.30,283.60,418.13,61.45,11186.17,131.66,17.891,335.60,8.2962,67.11,687.794,4449.23,98.69
2021-12-06,30.4547,41.77,72.75,16.175,142.54,120.614,68.97,2110.52,283.11,412.68,59.79,11126.82,131.37,17.960,330.17,8.2440,66.28,686.620,4475.76,98.31
2021-12-07,31.2346,43.01,74.36,16.395,147.97,118.630,69.74,2128.03,280.19,422.61,61.59,11225.73,133.06,18.297,328.20,8.3484,67.60,699.919,4568.13,100.22
2021-12-08,31.5353,43.55,76.30,17.145,150.15,124.383,69.16,2139.70,282.14,429.24,62.96,11463.10,140.13,18.625,346.93,8.4174,69.47,721.822,4658.53,100.12
2021-12-09,31.7608,43.10,77.74,16.760,152.72,125.771,67.16,2145.54,286.04,430.02,61.97,11472.99,139.60,18.840,347.92,8.4435,70.36,721.626,4686.04,99.83
2021-12-10,31.8830,42.91,78.77,17.000,151.24,126.168,68.11,2143.59,288.47,428.65,62.68,11680.69,137.66,18.689,350.87,8.3261,70.21,722.995,4710.60,99.36
2021-12-13,31.6950,42.51,76.94,16.805,150.54,125.573,67.35,2128.03,283.60,422.22,61.83,11769.71,137.90,18.664,339.05,8.2198,69.52,717.324,4723.38,99.36
2021-12-14,31.7420,41.53,76.96,16.745,148.47,125.970,65.92,2116.36,281.65,417.16,60.88,11700.47,135.53,18.493,330.17,8.0725,68.59,718.301,4693.90,99.07
2021-12-15,31.3755,41.35,76.02,16.325,148.86,122.002,66.30,2112.47,285.06,411.51,61.26,11443.32,131.95,17.974,324.75,8.1415,66.52,702.656,4635.93,99.17
2021-12-16,31.5071,41.31,76.80,16.210,151.93,125.375,64.39,2126.08,280.19,408.20,61.11,11700.47,133.11,18.004,331.16,8.1042,66.08,710.870,4691.93,99.45
2021-12-17,32.4562,42.07,78.79,16.210,156.18,124.383,64.77,2135.81,279.70,411.12,61.26,11918.06,132.38,18.327,327.71,8.2757,67.01,715.172,4745.98,100.69
2021-12-20,32.0803,41.77,77.83,16.475,156.47,124.978,65.44,2116.36,278.73,414.24,61.73,11838.94,127.11,18.420,318.84,8.1042,66.03,701.092,4687.02,101.08
2021-12-21,31.3943,41.05,76.98,16.190,157.17,130.136,65.25,2108.58,281.65,413.46,61.59,11690.58,127.35,17.989,316.87,7.8636,65.25,705.199,4690.95,98.12
2021-12-22,31.8923,41.69,77.02,16.365,161.61,126.763,66.39,2094.96,285.55,421.05,62.40,11819.16,128.46,18.209,323.28,8.1396,66.13,704.808,4647.72,99.83
2021-12-23,31.8736,42.05,78.29,16.675,167.94,132.318,66.11,2120.25,292.37,428.26,62.11,12056.53,129.38,18.253,336.09,8.1862,67.51,709.892,4624.13,99.93
2021-12-27,32.5407,43.18,79.27,16.530,169.82,133.905,66.39,2126.08,289.93,432.94,62.58,12234.56,131.08,18.454,342.49,8.3372,68.69,716.737,4634.94,101.17
2021-12-28,32.8414,43.28,80.23,16.905,168.44,134.698,67.06,2129.97,285.06,434.50,63.20,12343.36,132.38,18.571,340.52,8.3503,68.88,727.102,4666.39,101.65
2021-12-29,33.0293,43.71,80.57,16.935,166.56,137.674,67.25,2139.70,280.68,440.34,62.92,12264.23,132.77,18.654,339.54,8.3820,68.98,731.795,4732.22,102.70
2021-12-30,33.0575,43.71,80.47,16.730,169.13,136.881,67.35,2151.37,283.60,441.12,62.87,12412.59,133.35,18.796,334.61,8.2627,68.64,736.489,4740.08,103.08
2022-01-03,32.7944,43.70,80.51,16.595,167.74,142.038,67.64,2155.26,284.57,439.37,63.01,12491.71,132.58,18.586,331.65,8.2720,68.05,728.666,4708.64,102.61
2022-01-04,33.1515,44.09,79.43,17.285,170.41,134.500,68.30,2143.59,278.24,441.51,63.86,12501.60,133.35,18.879,329.68,8.4715,69.27,730.426,4709.62,104.42
2022-01-05,33.4522,44.62,78.61,17.220,179.41,122.597,69.07,2165.26,279.70,451.84,63.96,12521.39,134.61,19.055,336.09,8.5741,70.95,714.781,4672.28,107.19
2022-01-06,33.6307,45.29,77.56,17.270,183.66,120.217,69.74,2184.97,279.21,454.96,64.53,12373.03,138.73,19.271,331.65,8.6207,72.96,724.364,4709.62,107.48
2022-01-07,33.0387,44.68,75.98,16.150,182.57,118.431,69.74,2147.53,282.63,446.58,63.96,11868.61,135.19,18.997,315.88,8.6487,73.01,700.505,4538.65,107.48
2022-01-10,32.8978,44.49,74.25,16.355,177.53,117.241,68.40,2153.44,277.75,448.53,63.34,11809.27,132.29,18.997,308.49,8.6561,71.63,696.985,4502.29,109.10
2022-01-11,31.7608,44.74,71.15,15.710,177.43,110.893,69.16,2157.38,280.19,436.64,61.54,11472.99,128.46,18.659,289.77,8.7661,69.27,669.802,4328.37,108.72
2022-01-12,32.1743,45.73,71.53,16.160,182.87,114.266,69.93,2145.56,278.73,442.88,60.45,11562.01,130.64,18.928,296.17,8.6990,70.85,672.344,4368.66,108.82
2022-01-13,33.0012,45.69,71.47,16.215,185.04,115.059,70.31,2163.29,279.21,450.09,61.26,11532.33,130.50,19.021,305.54,8.7102,71.93,680.753,4397.15,109.77
2022-01-14,32.7474,45.76,70.93,16.080,190.08,111.885,72.22,2169.20,277.75,456.71,62.35,11225.73,129.24,19.295,307.01,8.9321,72.42,653.179,4319.53,111.59
2022-01-17,31.8642,45.81,70.97,16.140,190.97,108.909,71.65,2202.70,277.27,448.72,61.92,11156.50,126.91,19.109,286.32,8.9004,71.49,637.143,4169.19,111.11
2022-01-18,32.0803,46.56,71.71,16.190,199.08,110.695,72.70,2202.70,275.32,456.91,62.06,11156.50,131.51,19.246,297.65,8.6990,71.78,637.339,4210.46,111.68
2022-01-19,31.4977,45.84,71.15,16.000,194.04,108.909,71.27,2179.05,274.83,447.75,60.97,10701.53,129.82,19.329,290.75,8.5815,71.88,630.689,4106.30,111.68
2022-01-20,31.9487,47.24,71.99,15.585,188.90,109.108,71.84,2194.82,277.27,453.01,60.59,10424.60,136.50,19.603,293.22,8.4510,71.58,633.427,4127.92,109.96
2022-01-21,32.3152,46.37,72.47,15.910,183.26,110.100,72.89,2179.05,274.83,466.65,61.07,10305.91,136.64,19.897,303.56,8.5107,72.47,633.232,4118.09,109.58
2022-01-24,31.5541,45.02,70.99,15.410,181.88,107.521,71.36,2177.08,273.85,458.66,59.08,10117.99,130.06,19.383,295.19,8.2794,71.78,627.560,4076.82,107.48
2022-01-25,30.0788,42.53,67.58,14.265,169.92,102.561,69.36,2135.71,268.01,443.07,57.65,9846.00,123.77,18.610,276.46,7.7163,67.06,605.071,3945.16,104.42
2022-01-26,30.2761,43.30,67.92,14.480,169.62,103.950,72.32,2141.62,270.44,447.94,59.08,9999.31,123.96,18.576,281.88,7.6436,66.47,603.506,3968.74,106.90
2022-01-27,30.8775,44.01,69.40,15.060,172.19,105.140,72.99,2108.13,268.98,455.93,59.65,10216.90,128.75,18.992,287.79,7.9941,67.75,606.635,3995.27,109.48
2022-01-28,30.5298,41.29,69.44,15.120,170.02,105.735,72.22,2070.69,270.93,417.74,59.36,10207.01,127.21,19.231,282.87,8.0986,66.13,600.182,4013.94,111.30
2022-01-31,29.2519,40.39,68.86,15.030,162.80,106.330,71.84,2068.72,270.93,406.25,59.22,10444.38,125.95,18.967,277.94,7.9848,64.56,602.724,3751.58,109.96
2022-02-01,29.7969,41.09,70.64,15.360,165.87,108.513,72.89,2090.39,272.88,411.90,60.07,10602.63,128.71,19.065,288.29,8.1676,65.93,611.329,3751.58,110.63
2022-02-02,30.2009,42.67,71.33,15.355,167.64,109.901,73.46,2100.25,275.80,415.79,61.07,10750.98,133.55,19.168,297.65,8.2701,66.43,606.831,3714.24,110.63
2022-02-03,30.6144,42.25,72.35,15.580,167.74,111.092,72.60,2157.38,278.24,416.18,61.07,11057.59,133.50,19.442,298.14,8.2738,66.23,613.480,3801.69,111.68
2022-02-04,29.8627,42.12,70.86,15.210,167.55,109.306,72.03,2116.01,269.47,410.73,60.40,10622.41,130.16,19.368,290.75,8.2794,64.71,600.573,3696.56,112.35
2022-02-07,29.4586,41.83,70.56,15.145,163.39,107.719,71.36,2092.37,273.37,402.35,59.79,10503.72,126.38,19.178,291.74,8.2067,63.38,593.337,3667.08,110.82
2022-02-08,30.1446,42.67,70.82,15.155,164.18,108.314,71.84,2086.45,277.27,402.16,59.93,10197.12,126.24,19.613,294.69,8.3503,62.45,593.141,3630.72,111.68
2022-02-09,30.2949,43.36,70.48,16.520,163.39,104.545,71.94,2068.72,273.85,398.06,60.55,9959.74,126.29,19.217,285.82,8.4771,61.81,580.430,3525.58,113.50
2022-02-10,30.9809,43.91,72.53,17.445,167.15,108.711,72.41,2088.42,271.90,409.17,59.83,10197.12,131.46,19.461,290.26,8.6226,63.18,594.119,3546.22,115.79
2022-02-11,30.9433,44.58,72.15,17.580,169.62,106.330,72.03,2080.54,273.37,413.65,60.12,10167.44,130.01,19.623,289.27,8.0519,63.97,596.466,3579.63,116.17
2022-02-14,30.4828,44.07,71.11,17.020,168.83,103.156,73.18,2084.48,274.83,414.04,60.31,10167.44,128.90,19.564,279.91,8.0296,63.08,587.079,3541.30,116.55
2022-02-15,29.5056,43.75,70.76,16.690,163.30,100.181,73.56,2058.87,272.88,411.12,58.70,9969.63,126.77,16.434,269.56,7.7499,61.22,582.777,3522.64,113.21
2022-02-16,30.3607,45.39,72.25,16.470,167.64,104.148,72.89,2086.45,275.32,420.86,59.74,10019.09,129.24,16.908,277.94,7.8487,62.89,594.119,3597.31,114.07
2022-02-17,30.4171,44.47,73.77,16.555,167.25,102.363,73.75,2080.54,275.32,422.42,63.30,10009.20,127.79,16.791,276.95,7.8804,62.84,594.901,3616.97,114.74
2022-02-18,30.0694,44.12,71.13,16.030,163.99,101.371,75.57,2074.63,273.37,414.82,63.58,9949.85,126.24,16.669,271.53,7.7983,61.22,593.924,3616.97,113.31
2022-02-21,29.7781,44.18,70.24,15.765,161.71,99.189,74.80,2066.75,273.37,407.61,63.68,9900.40,125.22,16.199,268.08,7.7256,60.38,587.470,3586.50,112.06
2022-02-22,29.1203,43.58,69.72,15.490,157.46,98.395,73.37,2052.96,271.42,401.57,61.64,9826.22,124.54,16.043,256.26,7.4869,58.61,580.821,3491.19,110.34
2022-02-23,29.3083,43.21,70.34,15.255,155.78,101.966,73.18,2050.99,273.85,398.65,60.55,9781.71,123.91,16.277,261.18,7.4646,58.17,585.710,3545.24,109.77
2022-02-24,28.8008,42.97,69.76,15.045,157.27,102.760,74.23,2066.75,270.93,392.80,59.12,9850.95,124.16,16.356,258.23,7.3732,57.78,589.817,3580.61,109.87
2022-02-25,28.1525,40.63,68.60,14.355,151.93,104.347,73.37,2033.26,266.06,385.59,58.89,9707.54,116.12,15.451,261.68,7.0226,56.40,578.670,3622.86,106.62
2022-02-28,29.0546,41.88,70.68,14.605,155.29,106.330,73.56,2082.51,269.96,396.89,59.93,9885.56,121.74,16.047,275.97,7.3098,57.78,593.532,3683.78,109.29
2022-03-01,29.2707,40.83,70.88,14.340,151.14,108.314,74.99,2088.42,267.52,397.28,60.12,9667.97,121.11,16.223,274.98,7.2315,55.76,588.057,3784.01,106.81
2022-03-02,28.7445,38.62,70.00,13.545,141.15,110.298,72.03,2135.71,264.60,385.01,57.18,9885.56,112.35,15.920,271.04,6.8063,53.65,592.164,3807.59,100.79
2022-03-03,28.9042,39.45,70.62,13.855,140.17,110.496,72.89,2117.98,259.72,388.32,58.84,9836.11,114.47,16.013,283.36,6.8716,55.47,595.097,3730.95,101.17
2022-03-04,28.6223,39.09,70.44,13.250,128.11,107.719,71.94,2129.80,255.34,373.90,56.71,9667.97,110.94,15.343,266.60,6.8044,55.22,589.426,3731.93,99.93
2022-03-07,27.1376,36.55,68.46,12.410,123.46,107.719,71.27,2064.78,252.41,347.60,53.48,9465.22,104.46,14.742,258.23,6.3718,52.28,568.500,3712.28,97.16
2022-03-08,27.0061,35.54,68.24,11.985,113.67,109.108,69.36,2054.93,256.80,343.12,52.34,9381.15,102.04,14.111,258.72,6.0958,49.57,568.500,3674.94,94.01
2022-03-09,27.6075,36.04,66.09,12.275,114.76,102.165,69.36,1987.94,254.36,347.60,53.39,9400.93,97.53,13.724,256.26,6.1909,48.39,549.531,3470.56,96.68
2022-03-10,28.8478,38.55,68.84,13.025,123.16,108.116,70.41,2045.08,264.11,361.24,56.09,9707.54,109.83,14.996,262.17,6.6329,51.93,539.557,3545.24,102.51
2022-03-11,28.6317,38.23,68.02,12.295,120.69,104.347,69.93,2035.23,270.44,354.61,55.14,9692.70,106.00,14.854,257.24,6.4352,52.37,541.317,3517.72,103.08
2022-03-14,28.8948,38.73,69.02,12.600,123.06,105.934,70.69,2035.23,265.08,357.73,57.27,9702.59,106.78,14.971,262.66,6.5956,53.11,549.726,3465.64,106.14
2022-03-15,29.5150,39.58,68.04,12.670,128.11,106.926,71.74,2041.14,261.67,362.02,58.27,9831.17,104.21,15.314,260.69,6.7709,53.75,557.745,3524.60,109.77
2022-03-16,29.2237,39.38,67.70,12.620,123.66,104.148,70.12,2058.87,260.21,354.22,57.46,10098.21,100.68,15.250,242.95,6.6534,53.21,550.509,3561.94,110.25
2022-03-17,30.5298,40.91,69.98,13.565,132.36,110.893,71.84,2098.28,264.11,370.40,60.21,10691.64,110.80,15.744,260.69,7.0375,56.01,568.892,3634.65,112.25
2022-03-18,30.9057,40.14,71.45,13.450,129.88,112.083,72.13,2104.19,262.65,368.64,59.41,10345.47,112.59,15.769,264.63,6.9704,56.11,576.714,3729.96,113.78
2022-03-21,30.8211,40.69,72.05,13.630,130.97,101.768,72.70,2123.89,267.52,371.76,60.55,10454.27,114.81,16.003,265.62,7.0730,56.26,577.692,3767.30,113.40
2022-03-22,30.8493,40.75,71.65,13.660,133.74,96.312,72.60,2127.83,266.54,377.99,61.16,10711.42,112.39,16.184,271.53,7.0748,56.89,578.083,3733.90,113.97
2022-03-23,30.8211,40.92,71.81,13.695,133.44,97.205,73.85,2104.19,269.47,377.02,62.40,10780.66,114.62,16.106,280.90,7.1960,57.09,569.087,3752.56,115.31
2022-03-24,30.7647,40.74,70.88,13.470,131.07,99.784,73.65,2098.28,266.54,372.93,62.49,10770.77,112.97,16.277,280.90,7.0916,56.50,563.807,3773.20,114.45
2022-03-25,30.1540,40.67,70.50,13.900,128.60,98.594,74.42,2072.66,265.50,368.25,62.92,11037.81,110.60,16.121,266.11,7.0431,55.71,559.896,3814.47,114.07
2022-03-28,29.8627,40.62,70.40,14.210,125.20,97.899,75.09,2080.54,269.00,369.42,62.77,11116.93,110.94,16.003,262.66,7.0468,55.13,548.358,3728.00,115.69
2022-03-29,30.0073,39.79,72.21,14.510,125.40,99.387,74.99,2112.07,270.50,371.18,63.39,11255.40,112.30,16.131,262.17,6.8977,55.03,554.420,3735.00,114.64
2022-03-30,30.3835,41.42,75.10,15.035,134.40,105.735,75.76,2141.62,269.00,382.87,65.24,11433.43,119.99,16.546,274.98,7.1550,56.80,571.434,3800.00,116.17
2022-03-31,29.1875,40.42,74.94,14.620,129.50,106.926,75.85,2155.41,268.50,374.29,65.33,11136.71,117.23,16.228,282.87,7.0151,55.86,565.371,3827.00,115.22
2022-04-01,29.1007,39.39,73.49,14.265,128.4,101.371,76.62,2137.68,272.5,365.14,64.48,10899.34,114.23,15.739,264.63,6.8436,54.44,559.505,3827.0,115.31
2022-04-04,29.2164,38.76,72.99,14.230,127.6,102.165,76.81,2167.23,269.0,361.43,64.48,10998.25,113.41,15.720,256.75,6.9294,54.73,561.656,3805.0,116.65
2022-04-05,29.4479,38.89,73.49,14.780,129.8,106.033,77.57,2194.82,269.5,355.98,64.86,11037.81,116.46,15.876,264.63,6.9928,54.78,564.198,3858.0,115.69
2022-04-06,29.0621,37.47,73.69,13.540,123.8,105.438,78.62,2214.52,271.5,347.79,64.48,11235.62,118.44,15.749,260.69,6.8380,53.90,555.398,3939.0,115.12
2022-04-07,28.4255,37.12,73.51,12.350,116.8,104.049,78.38,2214.52,272.5,345.85,63.68,11275.18,111.67,15.221,243.44,6.7075,52.28,540.926,3907.0,116.36
2022-04-08,28.4544,35.96,74.98,11.900,114.4,103.851,78.05,2222.40,270.0,350.52,63.58,11413.65,110.94,15.133,246.40,6.6441,51.74,541.122,3979.0,115.31
2022-04-11,28.9656,36.86,75.44,11.990,114.4,102.660,78.72,2234.22,273.0,356.37,65.05,11433.43,113.12,15.446,244.43,6.7876,52.52,546.402,4000.0,118.27
2022-04-12,28.2808,36.66,75.16,11.690,114.4,102.859,80.29,2251.95,273.5,359.29,65.14,11354.31,111.28,15.309,239.01,6.8082,52.03,539.166,3961.0,121.33
2022-04-13,28.0204,36.55,74.84,11.900,115.6,99.586,79.91,2222.40,271.5,355.78,65.33,11018.03,112.78,15.221,243.44,6.6702,52.32,538.579,3852.0,120.85
2022-04-14,28.0107,36.20,72.73,11.835,115.2,99.784,78.14,2143.59,269.5,358.90,65.52,10938.90,111.86,15.299,244.43,6.6236,53.06,538.971,3840.0,120.95
2022-04-19,28.3290,37.04,73.11,11.875,115.8,98.554,79.20,2190.88,270.5,363.00,66.38,11077.37,115.68,15.524,244.43,6.6925,53.41,550.900,3899.0,124.01
2022-04-20,28.7438,38.26,74.05,12.215,116.4,96.134,79.96,2198.76,268.5,367.20,67.71,10840.00,115.78,15.583,239.50,6.7858,54.00,546.000,3806.0,122.95
2022-04-21,29.0042,39.00,76.28,12.445,118.0,95.102,80.10,2210.58,267.5,368.40,71.31,10622.41,117.91,15.622,238.00,6.6851,54.63,546.600,3819.0,125.25
2022-04-22,30.4317,39.70,76.78,12.790,122.6,92.841,79.63,2228.31,264.0,380.20,70.60,10840.00,116.65,15.759,242.00,6.6534,56.55,554.400,3857.0,125.44
2022-04-25,29.3804,39.22,74.96,12.465,120.0,90.262,79.24,2216.49,265.5,371.60,70.55,10701.53,113.60,15.416,232.50,6.4930,55.20,558.000,3836.0,123.62
2022-04-26,28.2133,39.13,73.69,12.255,116.2,87.286,78.81,2206.64,262.5,362.40,69.95,10661.97,106.59,15.123,225.50,6.2711,54.20,554.200,3866.0,119.04
2022-04-27,27.8757,38.56,71.45,11.665,111.8,88.199,79.00,2184.97,263.0,351.40,68.10,10523.50,105.37,14.800,214.00,6.1536,52.25,541.600,3788.0,118.27
2022-04-28,27.8081,37.68,71.79,11.715,113.0,85.580,78.96,2177.08,262.0,357.00,68.60,10681.75,107.21,15.974,210.00,5.9914,52.65,544.200,3875.0,118.66
2022-04-29,27.8660,37.90,70.36,11.810,113.2,85.421,79.10,2208.61,266.0,351.60,69.65,10899.34,109.49,16.140,213.50,5.9336,52.70,551.400,3867.0,118.94
2022-05-02,28.5509,38.15,70.10,12.140,115.8,85.800,79.05,2220.43,266.0,355.00,70.95,10840.00,111.81,16.414,213.50,6.2637,53.50,560.000,3895.0,120.37
2022-05-03,27.7310,37.24,69.18,12.045,117.0,82.92,78.38,2232.25,263.5,348.6,68.80,10680.0,108.38,16.238,205.5,6.1052,50.70,553.0,3852.0,117.7
2022-05-04,28.0879,38.18,69.76,12.070,116.8,83.08,78.96,2261.80,266.5,340.2,69.80,10520.0,108.91,16.845,207.0,6.4278,50.10,541.2,3765.0,119.8
2022-05-05,28.0204,38.51,69.12,11.500,116.8,80.32,79.43,2226.34,266.5,341.2,68.70,10300.0,106.05,17.236,208.0,6.4445,51.00,528.6,3773.0,118.8
2022-05-06,28.2229,36.28,69.42,11.290,113.6,79.20,78.81,2232.25,265.5,338.6,67.85,10220.0,104.21,16.933,202.5,6.2618,51.10,534.8,3798.0,117.4
2022-05-09,27.6538,35.75,68.22,11.000,114.4,74.70,79.10,2202.70,267.0,330.4,68.05,10080.0,101.55,16.727,195.4,6.1984,50.40,515.0,3616.0,116.3
2022-05-10,26.8725,33.88,65.10,10.370,110.4,68.15,77.25,2137.68,261.5,323.2,67.20,9750.0,97.44,16.414,179.8,5.9406,48.88,498.2,3457.0,114.5
2022-05-11,27.1908,33.88,64.12,10.510,112.8,68.95,77.30,2155.41,263.5,324.4,67.60,9730.0,98.89,16.639,180.6,5.9292,49.04,514.4,3531.0,115.3
2022-05-12,27.3934,34.48,70.02,10.885,116.0,69.80,78.35,2169.20,266.0,328.0,68.85,9620.0,104.21,16.962,185.0,6.0239,49.28,511.4,3526.0,116.9
2022-05-13,27.2294,34.56,68.74,10.960,116.8,70.65,77.85,2184.97,265.0,326.2,68.15,9850.0,101.70,16.717,184.6,5.9765,49.48,514.8,3580.0,117.2
2022-05-16,27.7985,35.75,71.12,11.345,119.8,73.55,78.45,2226.34,267.0,333.4,69.60,9880.0,103.10,16.972,187.0,6.1602,50.80,529.4,3643.0,118.1
2022-05-17,27.3066,36.21,71.08,11.055,117.4,73.15,78.75,2244.07,264.0,331.8,68.80,9800.0,103.34,16.913,181.6,6.1715,50.25,524.2,3654.0,118.5
2022-05-18,27.9721,36.57,71.48,11.295,118.2,72.55,79.65,2234.22,264.0,336.6,69.25,9810.0,105.28,18.155,186.6,6.3381,51.40,529.4,3622.0,120.0
2022-05-19,27.8274,36.40,70.78,11.135,118.6,69.30,79.10,2157.38,262.0,332.2,69.05,9610.0,102.76,17.637,182.2,6.2851,50.80,522.4,3527.0,120.9
2022-05-20,27.4030,35.17,69.52,11.070,118.2,71.50,78.10,2064.78,256.5,334.0,69.30,9250.0,102.23,17.412,184.4,6.1791,49.74,512.0,3479.0,116.3
2022-05-23,27.5959,35.60,70.30,11.100,117.6,72.20,77.70,2108.13,251.0,334.2,67.90,9300.0,88.83,17.725,187.2,6.2302,50.15,513.4,3508.0,116.9
2022-05-24,28.0011,36.31,70.66,11.300,118.2,71.00,78.95,2129.80,259.0,338.2,69.00,9420.0,89.55,17.774,181.8,6.4366,50.50,519.6,3569.0,119.8
2022-05-25,27.7310,35.50,70.50,11.010,113.6,69.90,79.30,2121.92,252.0,331.0,68.35,9330.0,90.01,17.627,177.2,6.3760,49.50,513.6,3534.0,119.8
2022-05-27,27.7792,35.58,69.80,10.875,114.4,70.10,79.95,2123.89,253.5,334.6,68.40,9210.0,91.77,17.549,178.6,6.3892,50.75,517.0,3475.0,120.8
2022-05-30,28.3194,37.15,71.64,11.395,120.2,73.70,79.95,2119.95,256.5,342.6,68.25,9540.0,100.53,18.097,186.0,6.5937,52.10,531.2,3569.0,121.8
2022-05-31,29.0138,37.33,72.86,11.800,124.0,76.75,78.25,2121.92,253.0,351.8,68.80,9770.0,103.49,18.165,191.6,6.7149,53.55,535.8,3656.0,120.4
2022-06-01,28.3387,37.29,71.80,11.740,125.0,75.25,75.30,2070.69,251.5,356.4,67.00,9640.0,102.95,17.960,187.8,6.3703,53.90,525.8,3522.0,118.1
2022-06-02,28.5219,36.90,70.96,11.570,128.0,73.50,75.30,2066.75,252.5,365.0,66.60,9510.0,102.86,17.833,183.8,6.3059,53.50,521.4,3479.0,118.2
2022-06-03,29.2453,36.82,73.04,11.625,129.0,75.65,75.25,2064.78,253.5,378.8,66.40,9450.0,105.62,18.234,183.2,6.2984,55.30,531.4,3514.0,118.3
2022-06-07,29.2453,37.08,72.22,11.090,129.6,74.80,75.60,2082.51,252.0,372.4,66.20,9590.0,106.63,18.243,180.0,6.2454,55.00,526.8,3493.0,117.4
2022-06-08,29.4093,37.31,73.28,11.110,129.0,75.20,75.45,2098.28,249.5,375.0,66.30,9600.0,107.80,18.801,182.0,6.3514,55.60,528.8,3496.0,117.8
2022-06-09,29.0235,37.17,73.48,11.035,131.0,76.30,74.45,2088.42,247.0,374.8,66.65,9600.0,107.75,18.801,180.0,6.5918,56.15,526.0,3465.0,116.5
2022-06-10,28.5798,36.85,72.06,10.655,130.8,74.45,74.30,2090.39,248.0,373.4,66.40,9520.0,104.41,18.870,178.4,6.2226,55.80,516.6,3400.0,116.8
2022-06-13,27.7792,35.62,69.30,10.365,127.6,73.30,73.45,2084.48,246.0,364.4,65.70,9510.0,100.58,18.615,168.6,5.8667,53.85,504.4,3334.0,115.1
2022-06-14,26.7954,33.67,66.94,9.360,121.8,70.75,72.45,2070.69,244.5,355.0,65.25,9510.0,97.97,18.410,153.2,5.6604,51.60,490.1,3283.0,112.6
2022-06-15,26.4964,33.50,66.32,9.186,119.6,68.55,72.50,2045.08,240.5,354.0,66.75,9350.0,95.68,18.214,150.4,5.5885,49.90,472.0,3124.0,113.5
2022-06-16,27.0076,34.39,66.28,9.450,116.0,71.00,73.50,2064.78,245.5,358.6,68.65,9460.0,97.68,18.302,155.6,5.5771,50.85,478.7,3178.0,116.3
2022-06-17,25.7729,33.84,62.84,8.576,99.1,70.00,73.30,2056.90,236.5,345.4,67.00,9010.0,93.96,17.627,150.0,5.3045,47.60,459.7,3121.0,111.7
2022-06-20,25.1363,34.06,63.84,8.844,96.4,70.85,74.25,2062.81,238.5,343.0,67.45,9120.0,92.14,17.608,152.0,5.4124,48.42,465.7,3061.0,111.6
2022-06-21,24.8084,34.22,63.72,9.036,94.8,69.20,74.45,2062.81,241.0,340.2,67.25,9180.0,92.59,17.588,149.6,5.4976,48.20,454.2,3036.0,112.4
2022-06-22,25.0399,34.09,63.94,9.148,95.7,68.60,74.05,2052.96,240.0,345.2,67.55,9140.0,94.46,17.862,154.2,5.4730,48.90,456.4,3109.0,111.3
2022-06-23,24.4901,34.04,64.16,8.988,97.8,68.35,74.65,2070.69,239.0,342.0,68.10,9280.0,94.41,17.588,155.4,5.4465,48.38,457.4,3136.0,110.5
2022-06-24,24.0850,33.25,64.74,8.966,95.3,68.90,73.90,2082.51,240.0,339.6,67.70,9410.0,94.83,16.649,153.6,5.1493,47.38,455.4,3155.0,109.0
2022-06-27,24.5576,33.86,66.14,9.334,95.9,71.90,75.10,2114.04,247.5,346.2,70.05,9600.0,98.89,17.334,156.2,5.4143,49.48,477.0,3310.0,112.1
2022-06-28,25.0206,33.34,66.62,9.408,95.6,73.35,75.85,2127.83,247.0,346.8,70.65,9600.0,99.86,17.490,159.8,5.4332,49.36,473.8,3298.0,111.6
2022-06-29,25.1170,33.74,66.44,9.170,96.8,72.20,76.00,2116.01,249.0,342.8,70.15,9480.0,100.68,17.637,159.0,5.4219,48.90,469.6,3317.0,113.2
2022-06-30,24.7794,32.65,66.04,8.758,91.9,68.95,75.70,2141.62,249.5,340.0,68.60,9520.0,99.52,17.216,151.8,5.2969,47.70,467.5,3404.0,111.6
2022-07-01,24.5576,32.44,66.68,8.598,90.5,66.35,74.90,2098.28,252.5,332.0,68.20,9710.0,98.40,17.784,150.4,5.1303,46.96,458.8,3357.0,111.7
2022-07-04,24.3550,32.69,67.42,8.348,92.0,67.45,75.85,2112.07,247.0,334.4,69.20,9690.0,97.05,17.246,147.4,5.1341,46.88,458.2,3388.0,112.1
2022-07-05,24.6637,32.58,67.96,7.692,92.7,66.20,77.10,2153.44,250.0,336.2,68.40,9740.0,97.73,17.373,140.0,5.2515,47.14,468.8,3443.0,112.3
2022-07-06,24.2007,31.51,67.84,7.330,88.5,68.55,77.85,2147.53,250.0,327.4,68.75,9670.0,93.79,17.050,139.8,5.0224,46.14,465.4,3462.0,106.4
2022-07-07,24.5094,32.29,69.04,7.340,87.5,70.20,77.45,2157.38,251.5,328.2,69.65,9690.0,95.16,16.835,141.8,5.0243,47.00,477.1,3484.0,106.7
2022-07-08,25.2907,33.15,69.56,7.656,93.5,71.90,78.65,2147.53,251.5,341.8,69.45,9910.0,95.92,17.412,144.2,5.1341,48.72,481.6,3494.0,110.3
2022-07-11,25.5607,33.50,70.10,7.908,98.5,70.10,80.00,2149.50,251.5,347.4,72.30,9960.0,98.99,17.539,147.0,5.2458,49.78,478.0,3446.0,112.0
2022-07-12,25.0688,32.53,69.60,7.538,96.4,68.50,80.80,2127.83,253.5,339.4,71.70,9840.0,98.02,17.236,147.0,5.1171,48.86,474.2,3510.0,110.5
2022-07-13,25.3968,33.10,69.04,7.574,96.9,61.40,82.60,2116.01,253.5,339.6,73.45,9790.0,99.32,17.148,145.6,5.2060,48.48,475.6,3389.0,111.7
2022-07-14,25.0302,32.16,69.06,7.618,94.5,60.00,82.35,2072.66,255.0,333.0,73.35,9840.0,98.55,16.913,147.4,5.0092,48.08,471.2,3361.0,110.0
2022-07-15,24.9048,31.87,68.32,7.330,92.8,57.85,81.90,2023.41,256.5,329.6,72.25,9740.0,97.68,16.404,146.6,4.8350,47.26,465.3,3221.0,107.6
2022-07-18,25.3871,32.54,69.80,7.770,97.1,57.15,82.60,2033.26,261.5,338.4,73.50,9630.0,94.89,16.757,147.0,4.8975,48.90,475.8,3250.0,108.9
2022-07-19,25.7826,33.22,69.32,7.940,100.2,58.30,83.00,2043.11,259.5,341.2,71.45,9670.0,98.70,16.913,150.4,5.0603,49.98,481.6,3295.0,109.6
2022-07-20,26.1588,33.93,70.08,8.092,101.0,57.80,83.45,2064.78,259.0,349.6,71.05,9630.0,102.66,17.197,150.6,5.2023,51.70,484.7,3329.0,109.5
2022-07-21,26.3517,33.70,70.30,8.254,94.7,59.45,84.35,2058.87,258.5,350.2,70.30,9590.0,102.47,17.275,154.6,5.1814,55.60,489.2,3335.0,108.2
2022-07-22,26.7761,33.85,71.94,8.322,96.1,61.95,84.30,2049.02,256.5,359.4,65.15,9740.0,103.44,17.451,161.0,5.1455,55.05,501.8,3282.0,107.9
2022-07-25,26.5735,33.53,71.84,8.372,97.4,63.75,84.10,2076.60,256.0,364.0,65.65,9840.0,103.34,17.216,162.0,5.0489,55.00,493.4,3269.0,107.3
2022-07-26,26.5542,33.44,71.50,8.340,98.8,61.90,84.60,2106.16,258.5,359.2,66.45,9930.0,105.28,17.089,159.4,5.0906,54.70,489.4,3215.0,108.1
2022-07-27,26.4192,31.85,71.62,8.028,96.2,60.90,85.25,2108.13,258.0,348.6,66.90,10620.0,103.68,16.991,157.2,4.8823,53.45,479.0,3214.0,107.9
2022-07-28,26.5542,32.32,72.28,8.234,101.0,60.80,85.85,2078.57,258.0,352.8,68.10,10300.0,105.42,17.197,161.2,4.9315,54.30,474.3,3173.0,108.0
2022-07-29,26.9979,32.46,73.64,8.220,105.4,62.95,86.60,2050.99,253.5,348.6,67.15,10300.0,108.52,17.216,160.6,5.0981,56.00,482.3,3210.0,107.2
2022-08-02,27.7503,33.43,74.44,7.802,110.0,63.85,88.45,2072.66,254.0,363.6,68.95,10500.0,110.31,17.402,174.4,5.2439,57.85,498.9,3315.0,108.6
2022-08-03,27.4995,32.30,73.82,7.654,108.8,63.65,89.65,2100.25,254.0,354.2,68.80,10500.0,108.42,17.930,168.0,4.9164,56.15,491.7,3343.0,108.0
2022-08-04,27.5767,33.10,74.50,7.990,111.4,65.90,87.25,2082.51,255.5,359.8,69.80,10480.0,109.97,18.048,173.2,4.9221,56.50,498.3,3319.0,109.2
2022-08-05,27.8564,32.00,74.50,8.086,111.0,67.80,88.15,2078.57,259.0,361.6,70.10,10280.0,112.20,18.292,176.4,5.0054,57.15,503.4,3380.0,109.1
2022-08-08,27.4030,32.25,74.08,8.222,111.4,64.35,89.00,2066.75,260.5,355.4,70.30,10200.0,109.15,17.950,174.8,4.9732,56.30,487.8,3292.0,109.7
2022-08-09,27.4416,32.34,73.08,8.174,113.6,65.75,88.65,2052.96,259.5,355.0,70.10,10380.0,111.04,18.038,177.0,5.0811,56.80,501.2,3322.0,110.2
2022-08-10,27.0558,32.39,72.38,7.604,108.2,64.80,89.00,2050.99,258.0,341.4,69.25,10340.0,107.94,17.461,172.0,4.9088,54.70,486.4,3265.0,111.2
2022-08-11,27.6924,33.17,67.76,8.134,112.2,66.20,88.30,2049.02,257.5,353.4,69.75,10380.0,109.97,17.999,179.6,5.0660,56.85,501.2,3336.0,112.4
2022-08-12,27.8274,33.58,67.24,8.372,115.4,67.30,88.20,2060.84,259.5,360.4,70.75,10680.0,111.91,17.891,182.0,5.0981,57.90,510.4,3359.0,113.1
2022-08-15,27.7696,33.87,65.48,8.206,116.2,69.15,88.50,2025.38,254.5,357.6,70.70,10380.0,110.94,17.989,181.8,5.1890,58.10,505.6,3368.0,112.9
2022-08-16,27.7889,33.35,65.34,8.226,115.8,70.15,89.20,2058.87,251.0,359.0,70.15,10680.0,111.04,18.058,183.0,5.1303,57.95,508.6,3435.0,111.9
2022-08-17,27.9721,33.69,65.52,8.282,116.2,67.00,90.00,2050.99,251.0,363.4,70.55,10580.0,108.47,18.165,182.4,5.1398,58.00,500.8,3352.0,111.4
2022-08-18,27.4898,32.67,65.28,7.780,116.8,67.85,89.90,2060.84,252.0,355.6,69.95,10680.0,108.47,17.862,180.6,4.9297,56.30,495.3,3336.0,110.4
2022-08-19,27.8467,32.70,65.66,7.998,114.6,69.90,90.30,2058.87,249.5,360.6,69.85,10740.0,109.25,18.097,182.0,4.9694,57.55,488.5,3338.0,109.2
2022-08-22,27.5284,32.12,66.26,7.630,113.8,64.45,91.50,2056.90,253.0,356.2,69.55,10780.0,108.52,17.862,179.4,4.7763,56.80,478.8,3298.0,109.1
2022-08-23,26.5542,30.94,65.88,7.324,107.4,66.70,91.45,2060.84,254.0,350.0,69.25,10720.0,105.62,17.265,175.0,4.7366,54.75,473.8,3279.0,107.7
2022-08-24,26.5060,30.86,65.90,7.280,108.8,63.80,91.40,2041.14,254.0,349.2,69.35,10560.0,106.49,17.666,173.0,4.8520,54.90,465.8,3205.0,107.9
2022-08-25,26.6989,30.77,67.36,7.292,111.8,64.60,91.90,2058.87,255.0,353.6,68.90,10700.0,110.26,17.480,174.2,4.8691,55.20,458.2,3241.0,107.9
2022-08-26,26.8436,31.04,66.92,7.442,112.6,68.15,92.60,2043.11,254.0,357.0,67.75,10700.0,111.43,17.627,173.8,4.9543,55.35,462.0,3243.0,107.4
2022-08-29,26.5542,30.43,65.40,7.174,110.0,66.70,92.15,1995.82,253.0,352.4,67.00,10480.0,107.84,17.304,171.4,4.8464,54.15,456.1,3161.0,107.0
2022-08-30,26.4578,30.25,63.90,7.146,110.0,66.40,92.55,1995.82,254.5,350.0,66.80,10480.0,107.55,17.520,170.6,4.8350,53.95,452.9,3163.0,106.5
2022-08-31,26.3613,30.79,64.36,7.130,110.4,67.00,91.80,1976.12,253.5,349.4,66.50,10400.0,107.41,17.569,169.2,4.8426,53.80,457.0,3166.0,107.1
2022-09-01,26.0141,31.05,64.56,7.178,109.6,67.95,92.90,1974.15,255.5,350.0,66.15,10340.0,106.34,17.715,170.4,4.7896,53.20,452.9,3129.0,108.1
2022-09-02,25.5414,29.87,64.18,6.908,105.0,65.85,91.80,1932.78,254.5,336.6,64.40,10120.0,101.60,17.314,160.8,4.6021,50.90,438.1,3036.0,105.7
2022-09-05,26.4385,30.86,66.02,7.168,107.8,67.85,91.90,1948.54,251.5,346.8,64.65,10340.0,104.12,18.058,162.4,4.8842,53.20,454.3,3114.0,107.8
2022-09-06,25.7826,30.30,65.62,6.946,101.6,63.25,93.00,1929.82,252.5,339.2,64.65,10260.0,102.57,17.529,161.4,4.7318,51.65,442.6,3071.0,107.0
2022-09-07,26.0816,30.60,65.50,6.870,101.0,60.40,93.60,1952.48,252.0,341.8,64.15,10260.0,103.05,17.598,161.6,4.7328,51.80,444.4,3090.0,107.4
2022-09-08,26.1491,30.24,65.90,6.856,101.6,58.00,95.20,1937.70,251.0,341.4,65.05,10340.0,103.54,17.950,163.0,4.7072,51.95,448.5,3101.0,106.5
2022-09-09,26.1588,30.26,66.26,6.786,100.8,58.95,95.85,1925.88,250.5,340.2,65.95,10340.0,100.58,18.120,165.0,4.7687,52.10,449.2,3078.0,102.6
2022-09-12,26.4095,31.03,66.16,7.258,103.0,60.85,94.85,1947.55,251.5,346.2,65.45,10380.0,103.63,18.140,171.8,4.9031,53.50,453.7,3099.0,102.9
2022-09-13,26.9208,31.59,66.58,7.354,101.8,59.15,97.25,1951.49,252.5,350.2,66.85,10460.0,104.75,18.380,173.2,5.0489,54.60,462.5,3136.0,103.8
2022-09-14,26.4192,30.65,65.56,6.974,99.7,56.85,97.90,1935.73,254.0,339.4,67.00,10320.0,103.05,17.960,171.0,4.8729,52.45,446.5,3023.0,104.4
2022-09-15,26.0141,30.12,65.38,6.840,97.5,55.35,96.95,1917.02,249.5,332.0,66.15,10040.0,102.62,17.670,171.8,4.8426,50.95,437.4,3010.0,103.9
2022-09-16,26.0141,29.84,65.60,6.756,97.3,54.45,97.25,1911.11,248.5,329.0,66.95,9930.0,100.34,16.910,171.2,4.8501,50.50,434.8,2964.0,104.2
2022-09-19,25.2231,29.87,64.04,6.792,96.9,54.20,94.55,1901.25,244.5,327.0,69.50,9870.0,96.86,16.540,168.6,4.7479,50.40,430.0,2919.0,104.4
2022-09-20,25.3292,29.96,64.18,6.708,98.2,50.70,95.40,1913.08,245.5,330.6,70.50,9810.0,98.21,16.490,167.8,4.7384,50.80,431.5,2928.0,103.7
2022-09-21,25.0688,29.03,62.88,6.702,96.0,57.80,96.05,1879.58,236.0,329.8,70.25,9590.0,98.55,16.280,167.6,4.6372,50.45,422.0,2915.0,100.3
2022-09-22,25.2038,28.99,62.68,6.798,95.8,60.55,96.10,1883.52,224.5,328.4,70.95,9570.0,100.15,16.160,170.8,4.6542,50.15,430.4,2950.0,101.0
2022-09-23,24.6926,28.49,60.54,6.444,93.6,58.50,96.50,1861.85,227.0,321.0,69.95,9400.0,97.54,16.02,159.2,4.3986,48.62,418.6,2873.0,99.85
2022-09-26,24.3068,27.35,58.30,5.946,89.1,57.65,94.05,1847.07,224.5,304.0,68.10,9170.0,96.18,15.51,153.8,3.8534,46.78,412.9,2945.0,96.35
2022-09-27,24.3357,27.52,57.42,6.096,88.0,58.30,94.30,1823.43,219.0,307.4,68.70,9220.0,96.56,15.31,153.8,3.8335,47.28,416.2,2952.0,94.40
2022-09-28,24.5865,27.47,57.00,6.402,87.0,59.45,92.25,1844.12,214.0,309.4,68.70,9340.0,96.64,14.90,153.8,3.7521,47.38,414.1,2947.0,94.75
2022-09-29,24.7312,27.67,56.24,6.406,84.8,60.45,91.45,1819.49,217.0,313.4,69.15,9320.0,96.40,15.15,149.4,3.7872,47.90,422.1,2958.0,93.10
2022-09-30,24.4515,26.64,55.44,5.962,81.5,58.70,92.90,1801.76,213.5,305.4,68.45,9310.0,92.92,14.85,141.2,3.6234,46.48,411.5,2920.0,92.10
2022-10-03,24.8855,27.41,58.14,6.246,82.8,62.80,93.70,1841.16,216.5,311.2,70.50,9560.0,94.28,15.90,144.8,3.7635,47.60,427.5,3003.0,92.90
2022-10-04,24.3500,27.68,59.06,6.330,83.1,61.80,94.80,1823.43,221.5,322.2,70.25,9440.0,96.16,16.32,148.6,3.7285,48.46,429.9,2990.0,93.75
2022-10-05,25.8500,28.99,60.76,6.712,85.9,63.85,96.35,1846.09,223.5,334.8,72.00,9770.0,101.40,16.99,157.6,4.0588,50.95,444.6,3064.0,96.45
2022-10-06,25.5500,27.86,60.26,6.598,83.7,65.25,96.55,1832.30,221.5,332.8,72.00,9770.0,99.94,16.90,156.6,3.8903,50.10,437.6,3045.0,95.45
2022-10-07,25.5100,27.42,60.02,6.580,83.5,66.00,95.85,1806.68,222.5,335.0,71.90,9620.0,99.74,16.62,158.8,3.9916,50.25,436.8,3039.0,94.30
2022-10-10,24.9800,26.58,58.82,5.888,84.7,65.45,95.95,1791.91,223.5,326.8,71.40,9500.0,97.92,16.12,149.0,4.2055,48.94,423.1,2981.0,93.40
2022-10-11,25.0600,27.17,58.08,5.748,84.0,65.20,93.25,1786.98,223.0,325.8,70.65,9520.0,96.54,16.33,146.4,4.1194,48.96,427.0,3030.0,93.35
2022-10-12,24.9000,27.29,57.14,5.562,83.9,65.85,95.15,1780.09,222.0,320.2,71.10,9500.0,95.54,16.06,144.6,4.1506,48.28,422.8,2824.0,92.55
2022-10-13,24.9800,27.37,56.88,5.520,83.7,66.20,94.10,1773.19,222.5,321.2,70.00,9410.0,97.40,16.09,144.2,3.9765,48.42,422.2,2832.0,92.05
2022-10-14,25.6900,28.16,56.92,5.726,87.6,68.15,90.25,1770.24,225.5,327.4,68.60,9280.0,97.22,16.38,145.8,4.2301,49.98,424.1,2782.0,92.65
2022-10-17,25.5300,28.65,58.60,5.512,87.5,70.35,90.70,1787.97,229.0,320.6,66.55,9410.0,97.92,16.40,147.2,4.1809,50.00,431.3,2842.0,94.35
2022-10-18,26.1500,29.64,59.56,5.620,90.2,72.00,91.30,1812.60,233.5,323.0,68.60,9570.0,100.70,16.65,150.4,4.2907,51.00,439.4,2897.0,96.15
2022-10-19,26.6600,30.12,60.20,5.720,93.5,77.00,89.90,1828.36,232.5,330.0,68.80,9710.0,102.25,16.79,158.0,4.3579,52.60,448.7,2958.0,96.45
2022-10-20,26.7600,29.59,58.84,5.720,92.5,72.50,87.65,1826.39,227.5,333.4,68.95,9590.0,100.00,16.66,152.0,4.3788,52.40,436.3,2920.0,97.45
2022-10-21,26.83,29.95,58.78,5.864,92.7,74.80,87.90,1825.40,227.5,334.8,68.40,9600.0,102.30,16.87,154.2,4.3381,53.55,438.7,2953.0,97.35
2022-10-24,27.05,29.50,57.86,5.778,92.5,75.20,88.90,1803.73,228.0,337.6,68.30,9470.0,100.45,16.93,152.0,4.3343,53.10,427.6,2913.0,96.55
2022-10-25,27.39,30.10,59.22,5.724,94.0,78.65,89.40,1840.18,233.0,342.0,69.00,9710.0,100.65,17.14,156.8,4.4431,54.60,441.2,2964.0,98.40
2022-10-26,27.81,30.22,59.68,5.876,94.3,76.75,90.85,1849.04,234.5,345.4,71.65,9850.0,103.10,17.25,161.6,4.5321,56.00,452.5,3078.0,98.70
2022-10-27,28.02,30.98,60.98,5.894,97.2,75.25,90.30,1849.04,243.5,344.0,72.65,9880.0,103.50,17.37,164.0,4.5084,56.35,458.8,3060.0,98.50
2022-10-28,27.75,30.89,60.24,5.846,96.3,72.05,88.35,1833.28,240.0,346.4,71.55,9600.0,101.50,16.80,164.0,3.6698,56.05,453.8,3052.0,99.35
2022-10-31,27.72,30.87,60.84,5.698,96.2,71.60,88.75,1848.06,242.0,340.0,71.70,9550.0,97.78,16.40,161.8,3.7162,55.70,449.0,3038.0,98.95
2022-11-01,27.84,31.34,60.94,5.676,95.7,71.85,89.10,1865.79,244.0,337.4,72.60,9600.0,97.94,16.11,159.8,3.9093,55.45,445.3,2990.0,99.40
2022-11-02,27.99,30.97,60.70,5.816,95.2,69.00,88.75,1831.31,241.5,335.0,72.25,9580.0,101.10,15.84,159.2,3.9755,55.15,440.4,2942.0,99.60
2022-11-03,27.79,31.12,59.78,6.208,96.2,71.50,89.25,1852.00,245.5,335.6,73.05,9590.0,99.16,15.78,160.8,3.8998,54.80,443.7,2936.0,99.10
2022-11-04,27.68,30.60,57.46,6.184,92.9,70.80,90.40,1837.22,241.0,329.4,73.35,9440.0,97.70,15.69,156.0,3.8818,53.40,410.5,2834.0,99.35
2022-11-07,28.23,31.53,57.42,6.408,97.4,71.25,89.95,1879.58,246.5,338.4,74.50,9610.0,104.30,16.09,159.4,3.9623,55.85,419.2,2903.0,99.75
2022-11-08,28.56,32.24,57.14,6.720,105.4,73.35,90.80,1893.37,247.0,339.0,75.10,9600.0,103.60,15.97,163.8,3.8525,56.80,419.5,2885.0,99.80
2022-11-09,28.78,33.01,57.80,7.064,106.6,77.30,91.55,1894.36,244.5,347.4,76.00,9730.0,103.10,16.33,169.6,3.9178,58.00,436.2,2970.0,100.20
2022-11-10,28.74,32.76,57.50,7.168,109.0,77.25,93.15,1900.27,243.0,353.8,76.50,9800.0,103.75,16.26,171.4,3.7919,57.95,441.5,3008.0,100.90
2022-11-11,29.45,34.25,59.16,7.928,111.8,83.10,91.85,1918.00,245.5,371.0,77.35,10080.0,107.10,16.65,187.6,3.8705,60.60,477.5,3215.0,101.40
2022-11-14,29.68,34.95,61.40,8.250,115.2,86.75,85.95,1916.03,243.5,376.2,73.15,9960.0,118.30,16.84,197.0,4.0389,61.60,490.4,3311.0,101.10
2022-11-15,29.80,34.55,60.86,8.556,114.0,85.60,84.70,1873.67,245.0,375.6,72.30,10000.0,116.95,16.71,196.0,4.0588,60.80,481.5,3300.0,102.00
2022-11-16,29.78,34.01,60.62,8.434,113.0,88.70,85.00,1865.79,243.0,377.6,73.25,9920.0,116.70,16.57,195.6,4.0531,60.95,480.9,3276.0,101.70
2022-11-17,29.18,33.29,63.70,7.916,109.0,85.05,85.35,1880.57,242.0,367.8,74.20,9930.0,114.60,16.08,185.0,3.9007,58.85,462.4,3184.0,101.90
2022-11-18,29.05,32.55,61.74,7.966,108.0,85.95,85.60,1905.20,242.5,363.0,74.70,10020.0,114.65,15.80,184.6,3.8998,58.90,457.6,3196.0,101.9
2022-11-21,29.28,33.17,62.20,8.078,110.6,82.75,87.20,1898.30,246.0,367.8,75.30,9980.0,116.25,16.08,186.8,3.8392,59.70,465.1,3205.0,103.1
2022-11-22,29.40,33.05,63.00,7.842,114.0,88.70,88.65,1924.90,249.5,370.0,75.70,9970.0,114.50,15.87,192.0,3.7427,59.60,457.4,3134.0,102.7
2022-11-23,29.54,32.98,63.76,7.646,113.2,88.30,87.90,1935.73,251.0,369.8,74.90,10000.0,113.90,15.88,192.2,3.6499,59.90,459.2,3120.0,103.4
2022-11-24,29.62,32.72,63.94,7.690,114.8,88.80,88.30,1918.00,250.5,376.0,74.55,10100.0,115.35,15.96,200.5,3.4265,60.30,464.8,3189.0,104.3
2022-11-25,29.86,33.01,64.82,7.876,118.2,90.25,88.60,1928.84,252.0,377.8,74.55,10180.0,116.00,16.27,205.5,3.3612,60.10,467.5,3252.0,105.6
2022-11-28,29.91,33.04,64.36,7.770,117.8,91.50,87.90,1922.93,252.0,380.0,74.00,10100.0,114.80,16.16,204.5,3.1407,59.95,465.4,3251.0,105.5
2022-11-29,29.49,32.54,64.52,7.588,114.8,91.30,86.80,1910.12,251.5,383.6,73.05,10040.0,117.30,16.00,194.8,3.0100,58.55,454.1,3245.0,105.2
2022-11-30,29.43,32.43,64.16,7.576,115.6,87.70,86.65,1891.40,254.0,385.4,74.05,9760.0,119.95,15.59,189.4,2.9020,58.00,445.6,3126.0,105.8
2022-12-01,29.36,31.85,64.06,7.686,116.0,90.75,88.45,1894.36,253.5,370.0,74.55,9920.0,124.05,15.20,192.4,2.8220,56.70,446.8,3166.0,105.8
2022-12-02,29.54,32.30,65.48,7.902,117.8,90.10,89.10,1903.22,259.0,379.8,72.90,10020.0,123.00,15.01,198.6,2.6990,57.60,460.4,3184.0,106.7
2022-12-05,29.63,32.84,65.60,8.036,116.4,91.65,88.70,1838.21,257.5,385.0,74.15,9960.0,122.75,15.22,200.0,2.9500,57.75,464.3,3168.0,106.5
2022-12-06,29.50,32.46,64.80,7.818,116.4,90.25,89.15,1780.09,257.5,382.6,73.85,9720.0,121.85,15.10,201.5,3.0340,56.55,457.7,3119.0,107.1
2022-12-07,29.20,32.08,63.34,7.134,115.0,87.85,90.05,1767.28,254.0,384.2,74.00,9570.0,123.05,14.90,196.0,2.9560,56.05,452.9,3046.0,108.1
2022-12-08,28.99,31.45,63.60,6.736,111.4,86.60,87.75,1764.32,255.0,371.6,73.45,9520.0,121.55,14.76,193.4,2.8510,54.90,451.5,3052.0,109.0
2022-12-09,28.77,30.74,64.36,6.922,109.2,85.70,88.90,1798.80,252.0,374.2,74.75,9490.0,123.20,14.60,196.6,2.9420,55.15,445.9,2997.0,107.5
2022-12-12,29.18,31.11,64.58,7.064,108.8,85.65,89.75,1809.64,254.0,388.6,76.35,9740.0,123.30,14.96,204.5,3.1410,56.35,454.2,3051.0,108.2
2022-12-13,29.04,30.75,65.70,6.978,110.0,88.45,89.75,1812.60,249.5,385.4,76.50,9650.0,122.80,14.71,201.5,3.0890,55.95,452.9,3040.0,106.3
2022-12-14,29.59,31.45,66.52,7.340,110.0,87.80,88.80,1813.58,252.0,393.2,76.95,9610.0,125.35,15.24,207.0,3.0700,57.25,464.0,3098.0,107.0
2022-12-15,29.50,31.36,66.30,7.224,107.8,87.90,90.10,1831.31,253.0,393.6,76.70,9740.0,124.55,15.23,204.5,2.8960,57.25,458.3,3008.0,107.0
2022-12-16,28.42,30.46,64.04,6.696,106.2,84.70,89.75,1803.73,248.0,385.0,77.40,9510.0,120.15,14.91,198.8,2.830,56.45,442.7,2963.0,105.7
2022-12-19,28.12,29.95,62.26,6.624,106.4,84.15,89.55,1787.97,243.0,386.2,76.10,9420.0,118.20,14.83,196.6,2.825,56.80,436.2,2884.0,104.1
2022-12-20,28.18,30.02,62.58,6.664,105.6,83.15,89.15,1802.74,241.0,384.4,75.70,9430.0,118.10,14.79,193.6,2.779,56.65,432.6,2857.0,104.6
2022-12-21,27.90,29.75,61.30,6.476,104.2,78.90,89.30,1783.04,237.5,383.4,75.50,9330.0,116.45,14.54,192.4,2.730,56.15,427.9,2802.0,104.5
2022-12-22,28.24,30.60,63.38,6.798,105.8,81.05,91.55,1807.67,236.5,390.6,76.80,9540.0,119.45,14.83,198.8,2.820,57.40,436.8,2850.0,106.7
2022-12-23,27.93,30.31,62.92,6.690,103.4,78.65,91.40,1787.97,233.5,386.4,77.75,9490.0,117.90,14.73,197.2,2.785,56.30,432.0,2813.0,108.0
2022-12-27,28.17,30.79,63.26,6.820,104.0,79.80,89.55,1797.82,239.5,390.0,77.40,9520.0,116.80,14.84,197.8,2.846,57.10,435.5,2822.0,108.5
2022-12-28,28.51,30.89,63.12,6.710,104.4,79.60,89.45,1800.77,237.5,391.8,77.65,9510.0,120.70,14.82,196.6,2.850,57.15,437.4,2829.0,108.7
2022-12-29,28.23,30.49,63.12,6.634,102.2,79.55,89.05,1797.82,234.0,387.8,77.00,9480.0,121.40,14.82,196.6,2.767,56.85,437.7,2847.0,108.3
2022-12-30,28.46,30.93,63.84,6.808,104.0,81.10,89.90,1807.67,235.5,392.2,77.70,9520.0,121.55,14.83,200.5,2.819,57.45,440.5,2868.0,108.6
2023-01-03,28.06,30.46,63.18,6.750,102.0,79.85,88.75,1801.76,238.0,386.8,76.90,9430.0,119.90,14.65,195.8,2.764,56.60,435.5,2833.0,107.8
2023-01-04,28.74,31.91,64.42,7.256,104.8,81.35,89.95,1831.31,240.5,396.8,78.05,9550.0,127.30,14.85,202.0,2.900,58.40,449.1,2880.0,110.4
2023-01-05,29.71,33.20,64.94,7.748,107.4,80.70,87.55,1849.04,240.5,399.6,79.05,9640.0,130.35,15.22,203.5,2.960,59.50,465.8,2952.0,112.5
2023-01-06,29.73,33.78,65.80,7.688,105.6,79.65,86.40,1843.13,241.0,402.6,79.45,9660.0,130.00,15.03,204.5,2.961,60.25,468.9,2922.0,111.3
2023-01-09,30.01,33.39,66.18,7.844,107.8,80.15,86.80,1852.00,240.0,407.2,79.25,9600.0,133.20,15.25,208.5,2.965,61.05,476.7,2931.0,112.0
2023-01-10,30.44,34.10,66.58,8.282,114.8,82.25,86.65,1846.00,240.0,409.6,79.40,9670.0,134.75,15.47,217.0,3.061,62.80,497.3,3023.0,112.7
2023-01-11,30.24,32.01,66.72,8.280,117.6,82.55,87.80,1828.00,238.0,404.2,79.20,9500.0,134.95,15.29,213.0,3.058,62.40,495.8,3008.0,112.1
2023-01-12,30.90,32.22,67.02,8.890,119.8,85.95,86.35,1870.00,238.5,403.0,77.85,9580.0,137.30,15.66,211.0,3.110,62.25,503.0,3053.0,111.8
2023-01-13,31.17,32.88,67.44,9.126,122.0,86.70,88.65,1865.00,237.5,406.0,78.05,9710.0,138.85,15.79,213.0,3.197,62.10,504.0,3015.0,113.4
2023-01-16,30.96,33.12,68.24,8.956,125.0,86.85,88.20,1860.00,239.0,404.0,77.85,9770.0,138.10,15.43,220.5,3.125,61.35,496.2,2973.0,113.8
2023-01-17,31.17,33.75,69.26,9.074,123.6,86.05,88.05,1875.0,243.0,410.0,77.90,9910.0,138.95,15.59,227.0,3.178,61.60,497.2,3030.0,114.6
2023-01-18,31.58,33.65,68.66,8.952,126.8,85.50,88.65,1885.0,240.0,414.6,78.55,10020.0,137.00,15.50,221.5,3.187,61.45,494.7,3023.0,114.2
2023-01-19,31.41,33.59,68.54,9.012,121.8,85.05,88.10,1910.0,239.5,419.4,78.10,10060.0,137.90,15.55,221.5,3.188,62.10,496.6,3025.0,113.8
2023-01-20,30.68,32.99,68.08,8.588,118.8,82.30,87.05,1920.0,239.5,408.8,78.70,9950.0,135.05,15.41,215.5,2.982,60.60,489.7,2951.0,113.2
2023-01-23,31.07,33.53,68.68,8.736,119.0,78.85,88.70,1925.0,241.0,413.0,79.40,10100.0,136.10,15.43,217.0,3.081,61.15,488.5,2956.0,114.7
2023-01-24,31.57,34.17,69.94,9.070,122.2,81.90,89.65,1922.0,241.0,417.4,80.10,10200.0,138.85,15.37,224.5,3.150,62.10,498.0,2929.0,115.4
2023-01-25,31.54,33.91,67.98,8.902,118.4,81.40,89.65,1913.0,244.0,417.6,80.35,10180.0,139.35,15.51,224.5,3.184,62.00,504.8,2930.0,116.7
2023-01-26,31.41,33.64,67.92,8.864,119.2,81.80,88.50,1904.0,242.5,409.8,80.45,10080.0,139.00,15.64,215.0,3.094,61.55,505.4,2933.0,116.7
2023-01-27,31.83,33.80,68.66,9.058,120.6,82.35,88.05,1893.0,241.5,408.6,81.00,10080.0,140.90,15.81,217.5,3.172,62.20,509.0,2983.0,116.7
2023-01-30,31.93,34.10,68.56,9.112,123.8,82.95,86.85,1893.0,239.5,417.8,81.75,10120.0,142.40,15.67,216.5,3.210,63.40,522.2,2959.0,115.7
2023-01-31,32.03,34.27,69.00,8.876,121.6,81.70,87.20,1927.0,240.0,416.0,81.65,10140.0,142.40,15.73,212.0,3.149,63.35,522.4,2980.0,115.5
